"Time","BTC Total supply","BTC Market cap","ETH OKX Exchange address outflow","Number of OKC tokens","bitcoin:1KgeqstG8a19jNzUhRyVhwppMMJXp8id8L"
01/03/2009,0,,,,
01/04/2009,0,,,,
02/04/2009,0,,,,
01/05/2009,0,,,,
02/05/2009,0,,,,
01/06/2009,0,,,,
02/06/2009,0,,,,
01/07/2009,0,,,,
02/07/2009,0,,,,
01/08/2009,0,,,,
02/08/2009,0,,,,
03/08/2009,0,,,,
01/09/2009,0,,,,
02/09/2009,0,,,,
03/09/2009,0,,,,
04/09/2009,0,,,,
01/10/2009,0,,,,
02/10/2009,0,,,,
03/10/2009,0,,,,
04/10/2009,0,,,,
01/11/2009,0,,,,
02/11/2009,0,,,,
03/11/2009,0,,,,
04/11/2009,0,,,,
05/11/2009,0,,,,
01/12/2009,0,,,,
{date, date, ::yyyyMMdd},,,,,
02/01/2009,0,,,,
02/02/2009,0,,,,
02/03/2009,0,,,,
02/12/2009,0,,,,
03/01/2009,0,,,,
03/02/2009,0,,,,
03/03/2009,0,,,,
03/04/2009,0,,,,
03/05/2009,0,,,,
03/06/2009,0,,,,
03/07/2009,0,,,,
03/12/2009,0,,,,
04/01/2009,0,,,,
04/02/2009,0,,,,
04/03/2009,0,,,,
04/04/2009,0,,,,
04/05/2009,0,,,,
04/06/2009,0,,,,
04/07/2009,0,,,,
04/08/2009,0,,,,
04/12/2009,0,,,,
05/01/2009,0,,,,
05/02/2009,0,,,,
05/03/2009,0,,,,
05/04/2009,0,,,,
05/05/2009,0,,,,
05/06/2009,0,,,,
05/07/2009,0,,,,
05/08/2009,0,,,,
05/09/2009,0,,,,
05/10/2009,0,,,,
05/12/2009,0,,,,
06/01/2009,0,,,,
06/02/2009,0,,,,
06/03/2009,0,,,,
06/04/2009,0,,,,
06/05/2009,0,,,,
06/06/2009,0,,,,
06/07/2009,0,,,,
06/08/2009,0,,,,
06/09/2009,0,,,,
06/10/2009,0,,,,
06/11/2009,0,,,,
06/12/2009,0,,,,
07/01/2009,0,,,,
07/02/2009,0,,,,
07/03/2009,0,,,,
07/04/2009,0,,,,
07/05/2009,0,,,,
07/06/2009,0,,,,
07/07/2009,0,,,,
07/08/2009,0,,,,
07/09/2009,0,,,,
07/10/2009,0,,,,
07/11/2009,0,,,,
07/12/2009,0,,,,
08/01/2009,0,,,,
08/02/2009,0,,,,
08/03/2009,0,,,,
08/04/2009,0,,,,
08/05/2009,0,,,,
08/06/2009,0,,,,
08/07/2009,0,,,,
08/08/2009,0,,,,
08/09/2009,0,,,,
08/10/2009,0,,,,
08/11/2009,0,,,,
08/12/2009,0,,,,
09/01/2009,0,,,,
09/02/2009,0,,,,
09/03/2009,0,,,,
09/04/2009,0,,,,
09/05/2009,0,,,,
09/06/2009,0,,,,
09/07/2009,0,,,,
09/08/2009,0,,,,
09/09/2009,0,,,,
09/10/2009,0,,,,
09/11/2009,0,,,,
09/12/2009,0,,,,
10/01/2009,0,,,,
10/02/2009,0,,,,
10/03/2009,0,,,,
10/04/2009,0,,,,
10/05/2009,0,,,,
10/06/2009,0,,,,
10/07/2009,0,,,,
10/08/2009,0,,,,
10/09/2009,0,,,,
10/10/2009,0,,,,
10/11/2009,0,,,,
10/12/2009,0,,,,
11/01/2009,0,,,,
11/02/2009,0,,,,
11/03/2009,0,,,,
11/04/2009,0,,,,
11/05/2009,0,,,,
11/06/2009,0,,,,
11/07/2009,0,,,,
11/08/2009,0,,,,
11/09/2009,0,,,,
11/10/2009,0,,,,
11/11/2009,0,,,,
11/12/2009,0,,,,
12/01/2009,0,,,,
12/02/2009,0,,,,
12/03/2009,0,,,,
12/04/2009,0,,,,
12/05/2009,0,,,,
12/06/2009,0,,,,
12/07/2009,0,,,,
12/08/2009,0,,,,
12/09/2009,0,,,,
12/10/2009,0,,,,
12/11/2009,0,,,,
12/12/2009,0,,,,
01/01/2010,0,,,,
01/02/2010,0,,,,
01/03/2010,0,,,,
01/04/2010,0,,,,
01/05/2010,0,,,,
01/06/2010,0,,,,
01/07/2010,0,,,,
01/08/2010,0,,,,
01/09/2010,0,,,,
01/10/2010,0,,,,
01/11/2010,0,,,,
01/12/2010,0,,,,
02/01/2010,0,,,,
02/02/2010,0,,,,
02/03/2010,0,,,,
02/04/2010,0,,,,
02/05/2010,0,,,,
02/06/2010,0,,,,
02/07/2010,0,,,,
02/08/2010,0,,,,
02/09/2010,0,,,,
02/10/2010,0,,,,
02/11/2010,0,,,,
02/12/2010,0,,,,
03/01/2010,0,,,,
03/02/2010,0,,,,
03/03/2010,0,,,,
03/04/2010,0,,,,
03/05/2010,0,,,,
03/06/2010,0,,,,
03/07/2010,0,,,,
03/08/2010,0,,,,
03/09/2010,0,,,,
03/10/2010,0,,,,
03/11/2010,0,,,,
03/12/2010,0,,,,
04/01/2010,0,,,,
04/02/2010,0,,,,
04/03/2010,0,,,,
04/04/2010,0,,,,
04/05/2010,0,,,,
04/06/2010,0,,,,
04/07/2010,0,,,,
04/08/2010,0,,,,
04/09/2010,0,,,,
04/10/2010,0,,,,
04/11/2010,0,,,,
04/12/2010,0,,,,
05/01/2010,0,,,,
05/02/2010,0,,,,
05/03/2010,0,,,,
05/04/2010,0,,,,
05/05/2010,0,,,,
05/06/2010,0,,,,
05/07/2010,0,,,,
05/08/2010,0,,,,
05/09/2010,0,,,,
05/10/2010,0,,,,
05/11/2010,0,,,,
05/12/2010,0,,,,
06/01/2010,0,,,,
07/01/2010,0,,,,
06/02/2010,0,,,,
07/02/2010,0,,,,
08/02/2010,216216,216216,,,
06/03/2010,0,,,,
07/03/2010,0,,,,
08/03/2010,209474.76,209474.76,,,
09/03/2010,243459.78,243459.78,,,
06/04/2010,0,,,,
07/04/2010,0,,,,
08/04/2010,221231.75,221231.75,,,
09/04/2010,240917.6,240917.6,,,
06/05/2010,0,,,,
07/05/2010,0,,,,
08/05/2010,225758.34,225758.34,,,
09/05/2010,241425.8,241425.8,,,
10/05/2010,263755.73,263755.73,,,
06/06/2010,0,,,,
07/06/2010,0,,,,
08/06/2010,214916.35,214916.35,,,
09/06/2010,241520.91,241520.91,,,
10/06/2010,281172.2,281172.2,,,
11/06/2010,1534029,1534029,,,
06/07/2010,0,,,,
07/07/2010,0,,,,
08/07/2010,222409.85,222409.85,,,
09/07/2010,241949,241949,,,
10/07/2010,357058.67,357058.67,,,
11/07/2010,1099575,1099575,,,
06/08/2010,0,,,,
07/08/2010,0,,,,
08/08/2010,259962.95,259962.95,,,
09/08/2010,240917.01,240917.01,,,
10/08/2010,395066.84,395066.84,,,
11/08/2010,952812,952812,,,
12/08/2010,928923.73,928923.73,,,
06/09/2010,0,,,,
07/09/2010,0,,,,
08/09/2010,257005,257005,,,
09/09/2010,244143.99,244143.99,,,
10/09/2010,407283.08,407283.08,,,
11/09/2010,1073942.35,1073942.35,,,
12/09/2010,987327.09,987327.09,,,
06/10/2010,0,,,,
07/10/2010,0,,,,
08/10/2010,246734.2,246734.2,,,
09/10/2010,252007.66,252007.66,,,
10/10/2010,401755,401755,,,
11/10/2010,1017034.82,1017034.82,,,
12/10/2010,1106244.6,1106244.6,,,
06/11/2010,0,,,,
07/11/2010,0,,,,
08/11/2010,258541.5,258541.5,,,
09/11/2010,244010.48,244010.48,,,
10/11/2010,402072.32,402072.32,,,
11/11/2010,1224990.09,1224990.09,,,
12/11/2010,1069387,1069387,,,
06/12/2010,0,,,,
07/12/2010,0,,,,
08/01/2010,215508,215508,,,
08/12/2010,238927.35,238927.35,,,
09/01/2010,245209.76,245209.76,,,
09/02/2010,236928.6,236928.6,,,
09/12/2010,247233.9,247233.9,,,
10/01/2010,255470.05,255470.05,,,
10/02/2010,254614.82,254614.82,,,
10/03/2010,255830.59,255830.59,,,
10/04/2010,256679.63,256679.63,,,
10/12/2010,445772.25,445772.25,,,
11/01/2010,864241.41,864241.41,,,
11/02/2010,862963.9,862963.9,,,
11/03/2010,1030112.5,1030112.5,,,
11/04/2010,1184752.66,1184752.66,,,
11/05/2010,1709848,1709848,,,
11/12/2010,1263403.8,1263403.8,,,
12/01/2010,1212690.75,1212690.75,,,
12/02/2010,1196328.57,1196328.57,,,
12/03/2010,983866.3,983866.3,,,
12/04/2010,933660,933660,,,
12/05/2010,979210.2,979210.2,,,
12/06/2010,1138412.73,1138412.73,,,
12/07/2010,1151696.58,1151696.58,,,
12/12/2010,1119279.65,1119279.65,,,
01/01/2011,1510543.93,1510543.93,,,
01/02/2011,1487862,1487862,,,
01/03/2011,1509966.56,1509966.56,,,
01/04/2011,1512041.98,1512041.98,,,
01/05/2011,1509593.5,1509593.5,,,
01/06/2011,1623328,1623328,,,
01/07/2011,1641026.24,1641026.24,,,
01/08/2011,1644021.55,1644021.55,,,
01/09/2011,1665151.77,1665151.77,,,
01/10/2011,1667748.16,1667748.16,,,
02/10/2011,5749992.87,5749992.87,,,
01/11/2011,1630518.54,1630518.54,,,
02/11/2011,5813155.7,5813155.7,,,
01/12/2011,1627414.16,1627414.16,,,
02/01/2011,3789036.2,3789036.2,,,
02/02/2011,3690762.54,3690762.54,,,
02/03/2011,4305396.25,4305396.25,,,
02/04/2011,4825740.98,4825740.98,,,
02/05/2011,4777298.44,4777298.44,,,
02/06/2011,4749885.5,4749885.5,,,
02/07/2011,4907444.4,4907444.4,,,
02/08/2011,5807633.4,5807633.4,,,
02/09/2011,5231121.48,5231121.48,,,
02/12/2011,5663437.5,5663437.5,,,
03/01/2011,5234867.04,5234867.04,,,
03/02/2011,5238807.47,5238807.47,,,
03/03/2011,5036536.44,5036536.44,,,
03/04/2011,5098408.24,5098408.24,,,
03/05/2011,4977806.81,4977806.81,,,
03/06/2011,4980007.54,4980007.54,,,
03/07/2011,4904133.63,4904133.63,,,
03/08/2011,4880046.05,4880046.05,,,
03/09/2011,5271817.9,5271817.9,,,
03/10/2011,4978512,4978512,,,
03/11/2011,5199827.4,5199827.4,,,
03/12/2011,5060998.42,5060998.42,,,
04/01/2011,4549031.33,4549031.33,,,
04/02/2011,4538103.45,4538103.45,,,
04/03/2011,3967528,3967528,,,
04/04/2011,4149595,4149595,,,
04/05/2011,4330443,4330443,,,
04/06/2011,4417004.17,4417004.17,,,
04/07/2011,4400603.82,4400603.82,,,
04/08/2011,4386666.28,4386666.28,,,
04/09/2011,4335993.29,4335993.29,,,
04/10/2011,4536570.5,4536570.5,,,
04/11/2011,5074000,5074000,,,
04/12/2011,5502956.83,5502956.83,,,
05/01/2011,19431520,19431520,,,
05/02/2011,20664274.5,20664274.5,,,
05/03/2011,20749219.06,20749219.06,,,
05/04/2011,20339299.2,20339299.2,,,
05/05/2011,21101558.2,21101558.2,,,
05/06/2011,22296573.75,22296573.75,,,
05/07/2011,23711770.85,23711770.85,,,
05/08/2011,23355370,23355370,,,
05/09/2011,35737611.75,35737611.75,,,
05/10/2011,33910525,33910525,,,
05/11/2011,39290249.83,39290249.83,,,
05/12/2011,50674563.9,50674563.9,,,
06/01/2011,68212711.63,68212711.63,,,
06/02/2011,91908014.17,91908014.17,,,
06/03/2011,119897498.48,119897498.48,,,
06/04/2011,107392002.5,107392002.5,,,
06/05/2011,118543387.82,118543387.82,,,
06/06/2011,151173791.12,151173791.12,,,
06/07/2011,191783734.6,191783734.6,,,
06/08/2011,187551653.39,187551653.39,,,
06/09/2011,154914002.98,154914002.98,,,
06/10/2011,95281881.52,95281881.52,,,
06/11/2011,121967488.65,121967488.65,,,
06/12/2011,126695965.36,126695965.36,,,
07/01/2011,103497240,103497240,,,
07/02/2011,103896113.11,103896113.11,,,
07/03/2011,93102953.26,93102953.26,,,
07/04/2011,86917637.9,86917637.9,,,
07/05/2011,99713170.97,99713170.97,,,
07/06/2011,99833914.34,99833914.34,,,
07/07/2011,96852693.33,96852693.33,,,
07/08/2011,97398936,97398936,,,
07/09/2011,100009425.29,100009425.29,,,
07/10/2011,96482731.58,96482731.58,,,
07/11/2011,95258812.7,95258812.7,,,
07/12/2011,94959670.33,94959670.33,,,
08/01/2011,84003459.34,84003459.34,,,
08/02/2011,64572643.66,64572643.66,,,
08/03/2011,74991307.25,74991307.25,,,
08/04/2011,68279673.29,68279673.29,,,
08/05/2011,45534000.38,45534000.38,,,
08/06/2011,57159526.59,57159526.59,,,
08/07/2011,54855964.13,54855964.13,,,
08/08/2011,68364860.47,68364860.47,,,
08/09/2011,70312110.69,70312110.69,,,
08/10/2011,66456563.47,66456563.47,,,
08/11/2011,66548288.71,66548288.71,,,
08/12/2011,71278940.68,71278940.68,,,
09/01/2011,61933117.35,61933117.35,,,
09/02/2011,60959346.55,60959346.55,,,
09/03/2011,58854022.86,58854022.86,,,
09/04/2011,54957756.57,54957756.57,,,
09/05/2011,49501183.44,49501183.44,,,
09/06/2011,51873780.35,51873780.35,,,
09/07/2011,47201153.14,47201153.14,,,
09/08/2011,36561701.78,36561701.78,,,
09/09/2011,34490024.61,34490024.61,,,
09/10/2011,42854468.31,42854468.31,,,
09/11/2011,43959946.01,43959946.01,,,
09/12/2011,42104520,42104520,,,
10/01/2011,37146587.69,37146587.69,,,
10/02/2011,37158080.36,37158080.36,,,
10/03/2011,36716648,36716648,,,
10/04/2011,36156182.75,36156182.75,,,
10/05/2011,35110495.8,35110495.8,,,
10/06/2011,31713362.52,31713362.52,,,
10/07/2011,29758807.06,29758807.06,,,
10/08/2011,30504707.66,30504707.66,,,
10/09/2011,30410357.1,30410357.1,,,
10/10/2011,29481043.47,29481043.47,,,
10/11/2011,30927460,30927460,,,
10/12/2011,30171735.94,30171735.94,,,
11/01/2011,24657464.19,24657464.19,,,
11/02/2011,23934309.73,23934309.73,,,
11/03/2011,23197434.72,23197434.72,,,
11/04/2011,22590294.87,22590294.87,,,
11/05/2011,22515133.59,22515133.59,,,
11/06/2011,22885866.8,22885866.8,,,
11/07/2011,23208716.14,23208716.14,,,
11/08/2011,22491326.24,22491326.24,,,
11/09/2011,21745323.5,21745323.5,,,
11/10/2011,23488507.45,23488507.45,,,
11/11/2011,23184345.61,23184345.61,,,
11/12/2011,22938198.24,22938198.24,,,
12/01/2011,24224201.7,24224201.7,,,
12/02/2011,21696506.51,21696506.51,,,
12/03/2011,22061416.48,22061416.48,,,
12/04/2011,22263577.97,22263577.97,,,
12/05/2011,23712947.67,23712947.67,,,
12/06/2011,23267493.15,23267493.15,,,
12/07/2011,23407010.31,23407010.31,,,
12/08/2011,23222833.26,23222833.26,,,
12/09/2011,23969828.5,23969828.5,,,
12/10/2011,25533312.6,25533312.6,,,
12/11/2011,24731123.3,24731123.3,,,
12/12/2011,25569888.21,25569888.21,,,
01/01/2012,41809883.31,41809883.31,,,
01/02/2012,39176811,39176811,,,
01/03/2012,44868662.2,44868662.2,,,
01/04/2012,56122814.18,56122814.18,,,
01/05/2012,53883966.91,53883966.91,,,
01/06/2012,54867553.87,54867553.87,,,
07/06/2012,63709762.23,63709762.23,,,
01/07/2012,57489208.86,57489208.86,,,
07/07/2012,63955965.17,63955965.17,,,
08/07/2012,106687710.87,106687710.87,,,
01/08/2012,50979764.39,50979764.39,,,
07/08/2012,65403622.58,65403622.58,,,
08/08/2012,107415558.55,107415558.55,,,
09/08/2012,109634792.66,109634792.66,,,
01/09/2012,52103801.28,52103801.28,,,
07/09/2012,67838880.88,67838880.88,,,
08/09/2012,109780806.61,109780806.61,,,
09/09/2012,110249428.02,110249428.03,,,
01/10/2012,55793475.47,55793475.47,,,
07/10/2012,67585174.49,67585174.49,,,
08/10/2012,111340011.9,111340011.9,,,
09/10/2012,111318534.41,111318534.41,,,
10/10/2012,122001643.5,122001643.5,,,
01/11/2012,55026189.52,55026189.52,,,
07/11/2012,72558632.12,72558632.12,,,
08/11/2012,112491344.38,112491344.38,,,
09/11/2012,112518395.75,112518395.75,,,
10/11/2012,121014637.86,121014637.86,,,
11/11/2012,113342916.26,113342916.26,,,
01/12/2012,51953856.25,51953856.25,,,
02/01/2012,50334395.1,50334395.1,,,
02/02/2012,49183027.14,49183027.14,,,
02/03/2012,48553158.75,48553158.75,,,
02/04/2012,47036961.32,47036961.32,,,
02/05/2012,45466689.24,45466689.24,,,
02/06/2012,46691968.49,46691968.49,,,
02/07/2012,46457154.08,46457154.08,,,
02/08/2012,48484575.04,48484575.04,,,
02/09/2012,49171433.46,49171433.46,,,
02/10/2012,46581038.65,46581038.65,,,
02/11/2012,45911089.67,45911089.67,,,
02/12/2012,44039656.68,44039656.68,,,
03/01/2012,39946319,39946319,,,
04/01/2012,43338752.12,43338752.12,,,
03/02/2012,39135837.72,39135837.72,,,
04/02/2012,43121025.6,43121025.6,,,
03/03/2012,40927063.46,40927063.46,,,
04/03/2012,42877396.99,42877396.99,,,
05/03/2012,45251552.77,45251552.77,,,
03/04/2012,42254622.74,42254622.74,,,
04/04/2012,42897123.3,42897123.3,,,
05/04/2012,45373284.23,45373284.23,,,
06/04/2012,49501093.87,49501093.87,,,
03/05/2012,42427191.86,42427191.86,,,
04/05/2012,43052480.58,43052480.58,,,
05/05/2012,45178009.83,45178009.83,,,
06/05/2012,50058821.68,50058821.68,,,
03/06/2012,41853754.25,41853754.25,,,
04/06/2012,40886736.59,40886736.59,,,
05/06/2012,45434312.09,45434312.09,,,
06/06/2012,51284734.53,51284734.53,,,
03/07/2012,41957880.17,41957880.17,,,
04/07/2012,41905608.07,41905608.07,,,
05/07/2012,45223346.65,45223346.65,,,
06/07/2012,51692866.1,51692866.1,,,
03/08/2012,41420298.05,41420298.05,,,
04/08/2012,42433761.14,42433761.14,,,
05/08/2012,44699150.94,44699150.94,,,
06/08/2012,51080556.38,51080556.38,,,
03/09/2012,38031981,38031981,,,
04/09/2012,42318576.57,42318576.57,,,
05/09/2012,43677965.59,43677965.59,,,
06/09/2012,50256799.43,50256799.43,,,
03/10/2012,41665402.55,41665402.55,,,
04/10/2012,43182737.26,43182737.26,,,
05/10/2012,44511938.6,44511938.6,,,
06/10/2012,51369264.97,51369264.97,,,
03/11/2012,41886764.58,41886764.58,,,
04/11/2012,42975888.43,42975888.43,,,
05/11/2012,44478860.88,44478860.88,,,
06/11/2012,52591221.3,52591221.3,,,
03/12/2012,45100798.15,45100798.15,,,
04/12/2012,43322183.89,43322183.89,,,
05/01/2012,44850598.6,44850598.6,,,
05/02/2012,45509181.46,45509181.46,,,
05/12/2012,44367421.52,44367421.52,,,
06/01/2012,47946020.46,47946020.46,,,
06/02/2012,47607811.36,47607811.36,,,
06/03/2012,48124608,48124608,,,
06/12/2012,54577315.46,54577315.46,,,
07/01/2012,63281268.17,63281268.17,,,
07/02/2012,60423337.7,60423337.7,,,
07/03/2012,61037721.09,61037721.09,,,
07/04/2012,62480968.21,62480968.21,,,
07/05/2012,62247182.97,62247182.97,,,
07/12/2012,72219067.38,72219067.38,,,
08/01/2012,101497802.07,101497802.07,,,
08/02/2012,104201432.76,104201432.76,,,
08/03/2012,104851228.86,104851228.86,,,
08/04/2012,104357338.39,104357338.39,,,
08/05/2012,104398265.59,104398265.59,,,
08/06/2012,105539595.66,105539595.66,,,
08/12/2012,116444062.86,116444062.86,,,
09/01/2012,100474433.53,100474433.53,,,
09/02/2012,103738426.23,103738426.23,,,
09/03/2012,102203822.12,102203822.12,,,
09/04/2012,108319603.28,108319603.28,,,
09/05/2012,110481778.17,110481778.17,,,
09/06/2012,108779404.64,108779404.64,,,
09/07/2012,109214297.03,109214297.03,,,
09/12/2012,112936766.35,112936766.35,,,
10/01/2012,127914603.17,127914603.17,,,
10/02/2012,130480624.05,130480624.05,,,
10/03/2012,128821411.67,128821411.67,,,
10/04/2012,128238250,128238250,,,
10/05/2012,126352395.75,126352395.75,,,
10/06/2012,119470403.14,119470403.14,,,
10/07/2012,118946244.17,118946244.17,,,
10/08/2012,120343371.54,120343371.54,,,
10/09/2012,122562889.71,122562889.71,,,
10/12/2012,120508708.71,120508708.71,,,
11/01/2012,107359949.68,107359949.68,,,
11/02/2012,109775259,109775259,,,
11/03/2012,111724975.08,111724975.08,,,
11/04/2012,110587440.56,110587440.56,,,
11/05/2012,111969389.44,111969389.44,,,
11/06/2012,112506201.33,112506201.33,,,
11/07/2012,112387592.65,112387592.65,,,
11/08/2012,112049370.89,112049370.89,,,
11/09/2012,112756133.44,112756133.44,,,
11/10/2012,109289100.8,109289100.8,,,
11/12/2012,113047499.41,113047499.41,,,
12/01/2012,130768143.92,130768143.92,,,
12/02/2012,133109430.34,133109430.34,,,
12/03/2012,141099014.25,141099014.25,,,
12/04/2012,138942748.28,138942748.28,,,
12/05/2012,140633400.84,140633400.84,,,
12/06/2012,141710436.4,141710436.4,,,
12/07/2012,142658725.18,142658725.18,,,
12/08/2012,140667817.81,140667817.81,,,
12/09/2012,141902918.42,141902918.42,,,
12/10/2012,143472155.54,143472155.54,,,
12/11/2012,143956799.51,143956799.51,,,
12/12/2012,144863248.63,144863248.63,,,
01/01/2013,138430529.65,138430529.65,,,
01/02/2013,140141441.75,140141441.75,,,
01/03/2013,140016894.85,140016894.85,,,
01/04/2013,139811457.5,139811457.5,,,
01/05/2013,139859455,139859455,,,
01/06/2013,140443380,140443380,,,
01/07/2013,143686575,143686575,,,
01/08/2013,144583544,144583544,,,
01/09/2013,149104900,149104900,,,
01/10/2013,149148300,149148300,,,
01/11/2013,148017743.25,148017743.25,,,
01/12/2013,145396944,145396944,,,
02/01/2013,212713790.44,212713790.44,,,
02/02/2013,217884663.6,217884663.6,,,
02/03/2013,218022507.5,218022507.5,,,
02/04/2013,220390158.4,220390158.4,,,
02/05/2013,224741725.5,224741725.5,,,
02/06/2013,233421035.25,233421035.25,,,
02/07/2013,240934200.15,240934200.15,,,
02/08/2013,248896344.64,248896344.64,,,
02/09/2013,254650214,254650214,,,
02/10/2013,257766768,257766768,,,
02/11/2013,274286646.2,274286646.2,,,
02/12/2013,270335341.25,270335341.25,,,
03/01/2013,370559140,370559140,,,
03/02/2013,372532853.25,372532853.25,,,
03/03/2013,396772293.31,396772293.31,,,
03/04/2013,444708810,444708810,,,
03/05/2013,460906143.62,460906143.62,,,
03/06/2013,452964232.33,452964232.33,,,
03/07/2013,475732464,475732464,,,
03/08/2013,500268400,500268400,,,
03/09/2013,492764258,492764258,,,
03/10/2013,525178331.25,525178331.25,,,
03/11/2013,488205589,488205589,,,
03/12/2013,511796284,511796284,,,
04/01/2013,1271872133.17,1271872133.17,,,
04/02/2013,1456385400.18,1456385400.18,,,
04/03/2013,1483243810.87,1483243810.87,,,
04/04/2013,1559038438.45,1559038438.45,,,
04/05/2013,1550933025,1550933025,,,
04/06/2013,1815237766.94,1815237766.94,,,
04/07/2013,2038838932.87,2038838932.87,,,
04/08/2013,2526983967.49,2526983967.49,,,
04/09/2013,1763554204.22,1763554204.22,,,
04/10/2013,894927580.54,894927580.54,,,
04/11/2013,1194143981.28,1194143981.28,,,
04/12/2013,1023563160.14,1023563160.14,,,
05/01/2013,1181989599.39,1181989599.39,,,
05/02/2013,1088215103.17,1088215103.17,,,
05/03/2013,1253856083.84,1253856083.84,,,
05/04/2013,1298735801.34,1298735801.34,,,
05/05/2013,1251975737.42,1251975737.42,,,
05/06/2013,1234214323.23,1234214323.23,,,
05/07/2013,1263224623.41,1263224623.41,,,
05/08/2013,1242971727.4,1242971727.4,,,
05/09/2013,1312923995.76,1312923995.76,,,
05/10/2013,1285674982.9,1285674982.9,,,
05/11/2013,1276254212.5,1276254212.5,,,
05/12/2013,1292670278.85,1292670278.85,,,
06/01/2013,1374222853.01,1374222853.01,,,
06/02/2013,1383938974.74,1383938974.74,,,
06/03/2013,1352753122.39,1352753122.39,,,
06/04/2013,1363149566.9,1363149566.9,,,
06/05/2013,1336928889.1,1336928889.1,,,
06/06/2013,1241693717.5,1241693717.5,,,
06/07/2013,1228757488.31,1228757488.31,,,
06/08/2013,1122587074.04,1122587074.04,,,
06/09/2013,1175572824.22,1175572824.22,,,
06/10/2013,1210356243.2,1210356243.2,,,
06/11/2013,1195660809.29,1195660809.29,,,
06/12/2013,1151776274.52,1151776274.52,,,
07/01/2013,1000283254.65,1000283254.65,,,
07/02/2013,1027437250.4,1027437250.4,,,
07/03/2013,896908292.06,896908292.06,,,
07/04/2013,909772239.91,909772239.91,,,
07/05/2013,779462107.53,779462107.53,,,
07/06/2013,782556123.46,782556123.46,,,
07/07/2013,871149400.61,871149400.61,,,
07/08/2013,865832247.7,865832247.7,,,
07/09/2013,874366345.9,874366345.9,,,
07/10/2013,1003349600,1003349600,,,
07/11/2013,1014872360.87,1014872360.87,,,
07/12/2013,1072371135.02,1072371135.02,,,
08/01/2013,1205415506.31,1205415506.31,,,
08/02/2013,1201816619.95,1201816619.95,,,
08/03/2013,1207397239.91,1207397239.91,,,
08/04/2013,1209878671.65,1209878671.65,,,
08/05/2013,1228758173.9,1228758173.9,,,
08/06/2013,1229602543.75,1229602543.75,,,
08/07/2013,1230138962.5,1230138962.5,,,
08/08/2013,1188257951.93,1188257951.93,,,
08/09/2013,1185661825.18,1185661825.18,,,
08/10/2013,1188519486.96,1188519486.96,,,
08/11/2013,1212214500,1212214500,,,
08/12/2013,1235670105.04,1235670105.04,,,
09/01/2013,1614141927.57,1614141927.57,,,
09/02/2013,1579581896.86,1579581896.86,,,
09/03/2013,1590939703.53,1590939703.53,,,
09/04/2013,1477606485.95,1477606485.95,,,
09/05/2013,1475069434.54,1475069434.54,,,
09/06/2013,1386905343.38,1386905343.38,,,
09/07/2013,1448500867.16,1448500867.16,,,
09/08/2013,1422596693.62,1422596693.62,,,
09/09/2013,1486351291.51,1486351291.51,,,
09/10/2013,1470848396.87,1470848396.87,,,
09/11/2013,1584430430.65,1584430430.65,,,
09/12/2013,1553324003.65,1553324003.65,,,
10/01/2013,1555879160.94,1555879160.94,,,
10/02/2013,1349079339.05,1349079339.05,,,
10/03/2013,1455266189.41,1455266189.41,,,
10/04/2013,1517480325.07,1517480325.07,,,
10/05/2013,1514946444.2,1514946444.2,,,
10/06/2013,1528092558.33,1528092558.33,,,
10/07/2013,1496827891.23,1496827891.23,,,
10/08/2013,1486886269.42,1486886269.42,,,
10/09/2013,1544467110.37,1544467110.37,,,
10/10/2013,1545997806.25,1545997806.25,,,
10/11/2013,1548396392.84,1548396392.84,,,
10/12/2013,1599919602.88,1599919602.88,,,
11/01/2013,2457016348.62,2457016348.62,,,
11/02/2013,2460195282.82,2460195282.82,,,
11/03/2013,2564800655.73,2564800655.73,,,
11/04/2013,2739638335.45,2739638335.45,,,
11/05/2013,2926705935.91,2926705935.91,,,
11/06/2013,3129797384.45,3129797384.45,,,
11/07/2013,3563447687.98,3563447687.98,,,
11/08/2013,4051888273.28,4051888273.28,,,
11/09/2013,4175907438.13,4175907438.13,,,
11/10/2013,3897240367.83,3897240367.83,,,
11/11/2013,4110253289.77,4110253289.77,,,
11/12/2013,4326532289.12,4326532289.12,,,
12/01/2013,11480832504.77,11480832504.77,,,
12/02/2013,12631827174.67,12631827174.67,,,
12/03/2013,13013098004.75,13013098004.75,,,
12/04/2013,13925554529.07,13925554529.07,,,
12/05/2013,12597683548.98,12597683548.98,,,
12/06/2013,10099373899.5,10099373899.5,,,
12/07/2013,8433790092.99,8433790092.99,,,
12/08/2013,9604741712.26,9604741712.26,,,
12/09/2013,10801243684.61,10801243684.61,,,
12/10/2013,11976475631.39,11976475631.39,,,
12/11/2013,10693070355.91,10693070355.91,,,
12/12/2013,10602241795.85,10602241795.85,,,
01/01/2014,9441536797.79,9441536797.79,,,
01/02/2014,9803761621.92,9803761621.92,,,
02/02/2014,10176811355.05,10176811355.05,,,
01/03/2014,10056202125.06,10056202125.06,,,
02/03/2014,10176442936.26,10176442936.26,,,
01/04/2014,10490815474.55,10490815474.55,,,
02/04/2014,10256542206.5,10256542206.5,,,
01/05/2014,11442134643.25,11442134643.25,,,
02/05/2014,10082364691.54,10082364691.54,,,
01/06/2014,11574010872.03,11574010872.03,,,
02/06/2014,9685110090.99,9685110090.99,,,
03/06/2014,8293677811.04,8293677811.04,,,
01/07/2014,9737564447.73,9737564447.73,,,
02/07/2014,8654048264.8,8654048264.8,,,
03/07/2014,7863776180.05,7863776180.05,,,
04/07/2014,5648950238.98,5648950238.98,,,
01/08/2014,10297783280.93,10297783280.93,,,
02/08/2014,8308982041.87,8308982041.87,,,
03/08/2014,7699591615.02,7699591615.02,,,
04/08/2014,5720947937.82,5720947937.82,,,
01/09/2014,10365898696.37,10365898696.37,,,
02/09/2014,8433566413.61,8433566413.61,,,
03/09/2014,7952343489.58,7952343489.58,,,
04/09/2014,5584938898.18,5584938898.18,,,
05/09/2014,5744105719.42,5744105719.42,,,
01/10/2014,10623022181.66,10623022181.66,,,
02/10/2014,8463404575,8463404575,,,
03/10/2014,7850285680.14,7850285680.14,,,
04/10/2014,4594396403.33,4594396403.33,,,
05/10/2014,5790212314.24,5790212314.24,,,
06/10/2014,8414352121.64,8414352121.64,,,
01/11/2014,11267605610.91,11267605610.91,,,
02/11/2014,8328401311.45,8328401311.45,,,
03/11/2014,7902429157.85,7902429157.85,,,
04/11/2014,5318395202.9,5318395202.9,,,
05/11/2014,5592637987.75,5592637987.75,,,
06/11/2014,8162380670.04,8162380670.04,,,
01/12/2014,10544015507.16,10544015507.16,,,
02/01/2014,10281651061.33,10281651061.33,,,
02/12/2014,8067597599.76,8067597599.76,,,
03/01/2014,7070635152.55,7070635152.55,,,
03/02/2014,7014490289.58,7014490289.58,,,
03/03/2014,8334489630.15,8334489630.15,,,
03/04/2014,8312259958.11,8312259958.11,,,
03/05/2014,8293409199.74,8293409199.74,,,
03/12/2014,7926554457.95,7926554457.95,,,
04/01/2014,6034490094.73,6034490094.73,,,
04/02/2014,5499031121.06,5499031121.06,,,
04/03/2014,5617461423.9,5617461423.9,,,
04/04/2014,5632238129,5632238129,,,
04/05/2014,5844775827.26,5844775827.26,,,
04/06/2014,5822200555.7,5822200555.7,,,
04/12/2014,5327674088.25,5327674088.25,,,
05/01/2014,5817664431.18,5817664431.18,,,
05/02/2014,5718078048.97,5718078048.97,,,
05/03/2014,5581144082.83,5581144082.83,,,
05/04/2014,5535009492.78,5535009492.78,,,
05/05/2014,5518944107.36,5518944107.36,,,
05/06/2014,5469451343.51,5469451343.51,,,
05/07/2014,5590234328.63,5590234328.63,,,
05/08/2014,5611081912.6,5611081912.6,,,
05/12/2014,5635783832.49,5635783832.49,,,
06/01/2014,8088602541.8,8088602541.8,,,
06/02/2014,8488750681.74,8488750681.74,,,
06/03/2014,8571800257.46,8571800257.46,,,
06/04/2014,8243751118.08,8243751118.08,,,
06/05/2014,8480403007.19,8480403007.19,,,
06/06/2014,8408747358.52,8408747358.52,,,
06/07/2014,8430148069.19,8430148069.19,,,
06/08/2014,8440629950.81,8440629950.81,,,
06/09/2014,8371413248.77,8371413248.77,,,
06/12/2014,7549605016.46,7549605016.46,,,
07/01/2014,8315905938.06,8315905938.06,,,
07/02/2014,8444249739.68,8444249739.68,,,
07/03/2014,8373993548.13,8373993548.13,,,
07/04/2014,8179125357.91,8179125357.91,,,
07/05/2014,8205031105.55,8205031105.55,,,
07/06/2014,8255222943.74,8255222943.74,,,
07/07/2014,8090241333.4,8090241333.4,,,
07/08/2014,8117793924.07,8117793924.07,,,
07/09/2014,8019559323.98,8019559323.98,,,
07/10/2014,8220136655.74,8220136655.74,,,
07/11/2014,8244990493.48,8244990493.48,,,
07/12/2014,8153448969.67,8153448969.67,,,
08/01/2014,7715402003.11,7715402003.11,,,
08/02/2014,7682793069.23,7682793069.23,,,
08/03/2014,7712574543.14,7712574543.14,,,
08/04/2014,7670613908.26,7670613908.26,,,
08/05/2014,7662554913.98,7662554913.98,,,
08/06/2014,7720207729.33,7720207729.33,,,
08/07/2014,7771148812.9,7771148812.9,,,
08/08/2014,7731729235.39,7731729235.39,,,
08/09/2014,7756410110.97,7756410110.97,,,
08/10/2014,7566108162.69,7566108162.69,,,
08/11/2014,7480518469.2,7480518469.2,,,
08/12/2014,7180943155.68,7180943155.68,,,
09/01/2014,6311160595.65,6311160595.65,,,
09/02/2014,6315078356.57,6315078356.57,,,
09/03/2014,6476854879.72,6476854879.72,,,
09/04/2014,6395180706.83,6395180706.83,,,
09/05/2014,6416805274.59,6416805274.59,,,
09/06/2014,6385000019.93,6385000019.93,,,
09/07/2014,6285212552.38,6285212552.38,,,
09/08/2014,6295546430.64,6295546430.64,,,
09/09/2014,6351713829,6351713829,,,
09/10/2014,6358686674.98,6358686674.98,,,
09/11/2014,6334234992.16,6334234992.16,,,
09/12/2014,6352921912.23,6352921912.23,,,
10/01/2014,5002681271.01,5002681271.01,,,
10/02/2014,4796362243.4,4796362243.4,,,
10/03/2014,4388740991.89,4388740991.89,,,
10/04/2014,4278690883.49,4278690883.49,,,
10/05/2014,4407684896.7,4407684896.7,,,
10/06/2014,4490573132.27,4490573132.27,,,
10/07/2014,4715480149.94,4715480149.94,,,
10/08/2014,4878203806.54,4878203806.54,,,
10/09/2014,4833349421.88,4833349421.88,,,
10/10/2014,4844580452.78,4844580452.78,,,
10/11/2014,5063270386.93,5063270386.93,,,
10/12/2014,5223461189.14,5223461189.14,,,
11/01/2014,4384958309.99,4384958309.99,,,
11/02/2014,4408530686.6,4408530686.6,,,
11/03/2014,4449492324.51,4449492324.51,,,
11/04/2014,4571949985.77,4571949985.77,,,
11/05/2014,4705183483.93,4705183483.93,,,
11/06/2014,4613861649.85,4613861649.85,,,
11/07/2014,4656535062.89,4656535062.89,,,
11/08/2014,4897422542.24,4897422542.24,,,
11/09/2014,4948224138.35,4948224138.35,,,
11/10/2014,4959895713.87,4959895713.87,,,
11/11/2014,5714960389.26,5714960389.26,,,
11/12/2014,5678306591.29,5678306591.29,,,
12/01/2014,5172485790.13,5172485790.13,,,
12/02/2014,5088029934.39,5088029934.39,,,
12/03/2014,5016073983.9,5016073983.9,,,
12/04/2014,5115902123.51,5115902123.51,,,
12/05/2014,5089161870.32,5089161870.32,,,
12/06/2014,5094576158.1,5094576158.1,,,
12/07/2014,4916808393.63,4916808393.63,,,
12/08/2014,4786422626.21,4786422626.21,,,
12/09/2014,4708271635.68,4708271635.68,,,
12/10/2014,4770195337.96,4770195337.96,,,
12/11/2014,4794723096.85,4794723096.85,,,
12/12/2014,4725706072.4,4725706072.4,,,
01/01/2015,4309123978.27,4309123978.27,,,
01/02/2015,3845927643.96,3845927643.96,,,
01/03/2015,3615916167.13,3615916167.13,,,
01/04/2015,3757729543.74,3757729543.74,,,
01/05/2015,3919271598.97,3919271598.97,,,
01/06/2015,4031957158.48,4031957158.48,,,
01/07/2015,3882365464.07,3882365464.07,,,
01/08/2015,3937672740.57,3937672740.57,,,
01/09/2015,3767191790.52,3767191790.52,,,
01/10/2015,3642940041.55,3642940041.55,,,
01/11/2015,3673331233.73,3673331233.73,,,
01/12/2015,3098730205.92,3098730205.92,,,
02/01/2015,3285485283.36,3285485283.36,,,
02/02/2015,3135099636.96,3135099636.96,,,
02/03/2015,3130279592,3130279592,,,
02/04/2015,2996643332.56,2996643332.56,,,
02/05/2015,3068735659.02,3068735659.02,,,
02/06/2015,3145494431.8,3145494431.8,,,
02/07/2015,3086256083.86,3086256083.86,,,
02/08/2015,3041492469.83,3041492469.83,,,
02/09/2015,3038619385.11,3038619385.11,,,
02/10/2015,3030367050.28,3030367050.28,,,
02/11/2015,3066806305.84,3066806305.84,,,
02/12/2015,3256557229.13,3256557229.13,,,
03/01/2015,3830786739.99,3830786739.99,,,
03/02/2015,3915716627.98,3915716627.98,,,
03/03/2015,3797081574.06,3797081574.06,,,
03/04/2015,3840812354.1,3840812354.1,,,
03/05/2015,3793837602.84,3793837602.84,,,
03/06/2015,3844029672.53,3844029672.53,,,
03/07/2015,3818528039.57,3818528039.57,,,
03/08/2015,4031883442.33,4031883442.33,,,
03/09/2015,4062928447.83,4062928447.83,,,
03/10/2015,4128445138.79,4128445138.79,,,
03/11/2015,4101206732.32,4101206732.32,,,
03/12/2015,3976582882.21,3976582882.21,,,
04/01/2015,3544573962.84,3544573962.84,,,
04/02/2015,3564046955.07,3564046955.07,,,
04/03/2015,3556217165.51,3556217165.51,,,
04/04/2015,3653927427.75,3653927427.75,,,
04/05/2015,3583204426.55,3583204426.55,,,
04/06/2015,3551714490.36,3551714490.36,,,
04/07/2015,3438048598.74,3438048598.74,,,
04/08/2015,3420019192.61,3420019192.61,,,
04/09/2015,3314126796.78,3314126796.78,,,
04/10/2015,3321695908.78,3321695908.78,,,
04/11/2015,3316928189.39,3316928189.39,,,
04/12/2015,3155238869.4,3155238869.4,,,
05/01/2015,3316409230.74,3316409230.74,,,
09/01/2015,3340041030.76,3340041030.76,,,
05/02/2015,3393862716.73,3393862716.73,,,
09/02/2015,3310301280.31,3310301280.31,,,
05/03/2015,3375753577.69,3375753577.69,,,
09/03/2015,3356595189.66,3356595189.66,,,
10/03/2015,3499096435.7,3499096435.7,,,
05/04/2015,3337541730.72,3337541730.72,,,
09/04/2015,3426294380.58,3426294380.58,,,
10/04/2015,3531161626.74,3531161626.74,,,
11/04/2015,5719798975.78,5719798975.78,,,
05/05/2015,3247005609.04,3247005609.04,,,
09/05/2015,3497501176.81,3497501176.81,,,
10/05/2015,3615516681.44,3615516681.44,,,
11/05/2015,5545199038.76,5545199038.76,,,
05/06/2015,3354646504.43,3354646504.43,,,
09/06/2015,3498450552.73,3498450552.73,,,
10/06/2015,3570854788.9,3570854788.9,,,
11/06/2015,5724617185.11,5724617185.11,,,
12/06/2015,5905127029.58,5905127029.58,,,
05/07/2015,3447831813.41,3447831813.41,,,
09/07/2015,3554142347.52,3554142347.52,,,
10/07/2015,3561930062.71,3561930062.71,,,
11/07/2015,5531656511.57,5531656511.57,,,
12/07/2015,6205714560.9,6205714560.9,,,
05/08/2015,3419854719.12,3419854719.12,,,
09/08/2015,3475627128.09,3475627128.09,,,
10/08/2015,3586696847.95,3586696847.95,,,
11/08/2015,5635059093.39,5635059093.39,,,
12/08/2015,6237462879.06,6237462879.06,,,
05/09/2015,3398966418,3398966418,,,
09/09/2015,3481150246.77,3481150246.77,,,
10/09/2015,3602409175.4,3602409175.4,,,
11/09/2015,4992628478.12,4992628478.12,,,
12/09/2015,6208308594.92,6208308594.92,,,
05/10/2015,3426183567.82,3426183567.82,,,
09/10/2015,3505998547.54,3505998547.54,,,
10/10/2015,3634404698.64,3634404698.64,,,
11/10/2015,4612514040.26,4612514040.26,,,
12/10/2015,6755133777.78,6755133777.78,,,
05/11/2015,3412325930.55,3412325930.55,,,
09/11/2015,3435560544.31,3435560544.31,,,
10/11/2015,3609631292.17,3609631292.17,,,
11/11/2015,5015077780.86,5015077780.86,,,
12/11/2015,6503736791.14,6503736791.14,,,
05/12/2015,3346262699.34,3346262699.34,,,
06/01/2015,3212672886.64,3212672886.64,,,
06/02/2015,3214532897.16,3214532897.16,,,
06/03/2015,3193222691.25,3193222691.25,,,
06/04/2015,3202980054.26,3202980054.26,,,
06/05/2015,3213352832.66,3213352832.66,,,
06/06/2015,3175305675.19,3175305675.19,,,
06/07/2015,3256036932.79,3256036932.79,,,
06/08/2015,3264903163.04,3264903163.04,,,
06/09/2015,3262284806.37,3262284806.37,,,
06/10/2015,3276077665.21,3276077665.21,,,
06/11/2015,3280797170.68,3280797170.68,,,
06/12/2015,3316218694.91,3316218694.91,,,
07/01/2015,3661982357.3,3661982357.3,,,
07/02/2015,3676265449.61,3676265449.61,,,
07/03/2015,3742442040.02,3742442040.02,,,
07/04/2015,3901719676.15,3901719676.15,,,
07/05/2015,3861476914.71,3861476914.71,,,
07/06/2015,3821951601.32,3821951601.32,,,
07/07/2015,3888643842.08,3888643842.08,,,
07/08/2015,3867265422.42,3867265422.42,,,
07/09/2015,4093354871.72,4093354871.72,,,
07/10/2015,4212577115.2,4212577115.2,,,
07/11/2015,4468787081.48,4468787081.48,,,
07/12/2015,4199367454.52,4199367454.52,,,
08/01/2015,4084561162.12,4084561162.12,,,
08/02/2015,4065490730.69,4065490730.69,,,
08/03/2015,4124330969.16,4124330969.16,,,
08/04/2015,4076885196.37,4076885196.37,,,
08/05/2015,4030082077.89,4030082077.89,,,
08/06/2015,4045702320.32,4045702320.32,,,
08/07/2015,3777716045.81,3777716045.81,,,
08/08/2015,3837794029.46,3837794029.46,,,
08/09/2015,3830022824.73,3830022824.73,,,
08/10/2015,3916832561.01,3916832561.01,,,
08/11/2015,3859603232.65,3859603232.65,,,
08/12/2015,3827340307.19,3827340307.19,,,
09/12/2015,3367459703.18,3367459703.18,,,
10/01/2015,3483118946.25,3483118946.25,,,
10/02/2015,3505068630.09,3505068630.09,,,
10/12/2015,3672241762.91,3672241762.91,,,
11/01/2015,5343083255.44,5343083255.44,,,
11/02/2015,5969410305.73,5969410305.73,,,
11/03/2015,6091446318.97,6091446318.97,,,
11/12/2015,4995777691.61,4995777691.61,,,
12/01/2015,5355455835.18,5355455835.18,,,
12/02/2015,5384466122.21,5384466122.21,,,
12/03/2015,5417645961.25,5417645961.25,,,
12/04/2015,5803598967.69,5803598967.69,,,
12/05/2015,5802823487.55,5802823487.55,,,
12/12/2015,6486890566.97,6486890566.97,,,
01/01/2016,6516792039.33,6516792039.33,,,
01/02/2016,6466899565.51,6466899565.51,,,
01/03/2016,6515141841.76,6515141841.76,,,
01/04/2016,6499838704.69,6499838704.69,,,
01/05/2016,6458315468.12,6458315468.12,,,
01/06/2016,6895623665.87,6895623665.87,,,
01/07/2016,6825029347.61,6825029347.61,,,
01/08/2016,6742189629.78,6742189629.78,,,
02/08/2016,5711577243.01,5711577243.01,,,
01/09/2016,6749807640.19,6749807640.19,,,
02/09/2016,5798608064.02,5798608064.02,,,
01/10/2016,6758375230.54,6758375230.54,,,
02/10/2016,5770022577.87,5770022577.87,,,
01/11/2016,6568287280.72,6568287280.72,,,
02/11/2016,5841712551.8,5841712551.8,,,
03/11/2016,6301520835.81,6301520835.81,,,
01/12/2016,6519970955.5,6519970955.5,,,
02/01/2016,5675983414.64,5675983414.64,,,
02/02/2016,5609342541.56,5609342541.56,,,
02/03/2016,5909041213.87,5909041213.87,,,
02/04/2016,5864609741.37,5864609741.37,,,
02/05/2016,5714220289.76,5714220289.76,,,
02/06/2016,5717470462.39,5717470462.39,,,
02/07/2016,5670833677.81,5670833677.81,,,
02/12/2016,5958692440.91,5958692440.91,,,
03/01/2016,6474755563.07,6474755563.07,,,
03/02/2016,6440543567.43,6440543567.43,,,
03/03/2016,6278467934.73,6278467934.73,,,
03/04/2016,6121602379.36,6121602379.36,,,
03/05/2016,6232137397.91,6232137397.91,,,
03/06/2016,6334849146.62,6334849146.62,,,
03/07/2016,6330944609.47,6330944609.47,,,
03/08/2016,6346148613.08,6346148613.08,,,
03/09/2016,6382555233.62,6382555233.62,,,
03/10/2016,6453989640.93,6453989640.93,,,
03/12/2016,6340280994.83,6340280994.83,,,
04/01/2016,6475389237.38,6475389237.38,,,
04/02/2016,6477380875.07,6477380875.07,,,
04/03/2016,6487396816.17,6487396816.17,,,
04/04/2016,6528772712.11,6528772712.11,,,
04/05/2016,6520935545.18,6520935545.18,,,
04/06/2016,6512183965.52,6512183965.52,,,
04/07/2016,6476770313.84,6476770313.84,,,
04/08/2016,6463924927.33,6463924927.33,,,
04/09/2016,6498972735.87,6498972735.87,,,
04/10/2016,6514766997.29,6514766997.29,,,
04/11/2016,6558165781.78,6558165781.78,,,
04/12/2016,6537414427.63,6537414427.63,,,
05/01/2016,6891163077.66,6891163077.66,,,
05/02/2016,6980230099.32,6980230099.32,,,
05/03/2016,6926550062.97,6926550062.97,,,
05/04/2016,6947744537.17,6947744537.17,,,
05/05/2016,7129941052.6,7129941052.6,,,
05/06/2016,7115084238.62,7115084238.62,,,
05/07/2016,7117185723.2,7117185723.2,,,
05/08/2016,7149207714.09,7149207714.09,,,
05/09/2016,7002156874.12,7002156874.12,,,
05/10/2016,7032217396.76,7032217396.76,,,
05/11/2016,7065465184.46,7065465184.46,,,
05/12/2016,7081200771.43,7081200771.43,,,
06/01/2016,8398973349.03,8398973349.03,,,
06/02/2016,8888459022.63,8888459022.63,,,
06/03/2016,8945465807.43,8945465807.43,,,
06/04/2016,8982826201.77,8982826201.77,,,
06/05/2016,9150293738.61,9150293738.61,,,
06/06/2016,9012601984.36,9012601984.36,,,
06/07/2016,9093732874.85,9093732874.85,,,
06/08/2016,8986313961.01,8986313961.01,,,
06/09/2016,9032837300.39,9032837300.39,,,
06/10/2016,9492743349.38,9492743349.38,,,
06/11/2016,10528810566.33,10528810566.33,,,
06/12/2016,11026027430.02,11026027430.02,,,
07/01/2016,11065286385.02,11065286385.02,,,
07/02/2016,10359608894.64,10359608894.64,,,
07/03/2016,10755412249.11,10755412249.11,,,
07/04/2016,10552509572.68,10552509572.68,,,
07/05/2016,10660703578.39,10660703578.39,,,
07/06/2016,10084179425.33,10084179425.33,,,
07/07/2016,10495206546.14,10495206546.14,,,
07/08/2016,10252534169.64,10252534169.64,,,
07/09/2016,10228635396.4,10228635396.4,,,
07/10/2016,10203042129.4,10203042129.4,,,
07/11/2016,10470359214.96,10470359214.96,,,
07/12/2016,10312578150.9,10312578150.9,,,
08/01/2016,8645421006.68,8645421006.68,,,
08/02/2016,8944895994.95,8944895994.95,,,
08/03/2016,9134530664.96,9134530664.96,,,
08/04/2016,9084437742.68,9084437742.68,,,
08/05/2016,9286864214.58,9286864214.58,,,
08/06/2016,9365515398.3,9365515398.3,,,
08/07/2016,9340724709.01,9340724709.01,,,
08/08/2016,9290372511.35,9290372511.35,,,
08/09/2016,9359509635.52,9359509635.52,,,
08/10/2016,9313354428.48,9313354428.48,,,
08/11/2016,9289780099.25,9289780099.25,,,
08/12/2016,9259873563.96,9259873563.96,,,
09/01/2016,9122089977.5,9122089977.5,,,
09/02/2016,9482446631.29,9482446631.29,,,
09/03/2016,9648903433.12,9648903433.12,,,
09/04/2016,9617675402.9,9617675402.9,,,
09/05/2016,9679694631.19,9679694631.19,,,
09/06/2016,9745994846.07,9745994846.07,,,
09/07/2016,9933835355.56,9933835355.56,,,
09/08/2016,9880145603.23,9880145603.23,,,
09/09/2016,9891541181.06,9891541181.06,,,
09/10/2016,9626414944.35,9626414944.35,,,
09/11/2016,9651933186.9,9651933186.9,,,
09/12/2016,9668923591.92,9668923591.92,,,
10/01/2016,9717382169.82,9717382169.82,,,
10/02/2016,9738137918.79,9738137918.79,,,
10/03/2016,9708633218.38,9708633218.38,,,
10/04/2016,9746552386.86,9746552386.86,,,
10/05/2016,9755939802.5,9755939802.5,,,
10/06/2016,9822365432.76,9822365432.76,,,
10/07/2016,9855225715.65,9855225715.65,,,
10/08/2016,9818943560.45,9818943560.45,,,
10/09/2016,9855715612.46,9855715612.46,,,
10/10/2016,10208358987.52,10208358987.52,,,
10/11/2016,10131726590.9,10131726590.9,,,
10/12/2016,10142211345.52,10142211345.52,,,
11/01/2016,11825996293.91,11825996293.91,,,
11/02/2016,10995222064.04,10995222064.04,,,
11/03/2016,11228335199.2,11228335199.2,,,
11/04/2016,11232429215.5,11232429215.5,,,
11/05/2016,11363240193.55,11363240193.55,,,
11/06/2016,11230535957.87,11230535957.87,,,
11/07/2016,11339296695.9,11339296695.9,,,
11/08/2016,11554981249,11554981249,,,
11/09/2016,11432833098.03,11432833098.03,,,
11/10/2016,11448361265.37,11448361265.37,,,
11/11/2016,11268318198.17,11268318198.17,,,
11/12/2016,11221330873.92,11221330873.92,,,
12/01/2016,12462464975.71,12462464975.71,,,
12/02/2016,12355383292.79,12355383292.79,,,
12/03/2016,12400394539.09,12400394539.09,,,
12/04/2016,12158761556.97,12158761556.97,,,
12/05/2016,12248587886.43,12248587886.43,,,
12/06/2016,12312775134.36,12312775134.36,,,
12/07/2016,12357378153.22,12357378153.22,,,
12/08/2016,12390539634.18,12390539634.18,,,
12/09/2016,12421488881.77,12421488881.77,,,
12/10/2016,12344327346.42,12344327346.42,,,
12/11/2016,12511973947.8,12511973947.8,,,
12/12/2016,12521224164.34,12521224164.34,,,
01/01/2017,16428281005.12,16428281005.12,,,
01/02/2017,16785663597.56,16785663597.56,,,
06/02/2017,41175377807.21,41175377807.21,30287791.72,,
01/03/2017,18571045369.8,18571045369.8,,,
06/03/2017,41122564184.85,41122564184.85,36289882.03,,
01/04/2017,16299724242.36,16299724242.36,,,
06/04/2017,43992948296.49,43992948296.49,29907850.63,,
07/04/2017,42749743424.28,42749743424.28,40139465.68,,
01/05/2017,14533836572.73,14533836572.73,,,
06/05/2017,46887054404.52,46887054404.52,32732032.76,,
07/05/2017,42862432712.26,42862432712.26,28254809.97,,
08/05/2017,53004309592.8,53004309592.8,37107766.12,,
01/06/2017,14617481709.5,14617481709.5,,,
06/06/2017,44746447410.98,44746447410.98,21085943.39,,
07/06/2017,41389564278.73,41389564278.73,22234605.54,,
08/06/2017,55732160941.97,55732160941.97,60932518.18,,
09/06/2017,76129877186.02,76129877186.02,38478167.7,,
01/07/2017,14661270249.25,14661270249.25,,,
06/07/2017,45955431174.35,45955431174.35,38061568.99,,
07/07/2017,42260512812.6,42260512812.6,27213456.73,,
08/07/2017,56415903598.57,56415903598.57,28213137.89,,
09/07/2017,69996502541.59,69996502541.59,44006665.63,,
01/08/2017,14528335203.88,14528335203.88,,,
06/08/2017,46258666651.79,46258666651.79,26596059.96,,
07/08/2017,41395908732.15,41395908732.15,19537129.85,,
08/08/2017,55143671906.98,55143671906.98,62489118.11,,
09/08/2017,69961128444.17,69961128444.17,55649450.12,,
10/08/2017,79279032638.39,79279032638.39,13072981.05,,
01/09/2017,14608039569.8,14608039569.8,,,
06/09/2017,48293604218.45,48293604218.45,45114494.99,,
07/09/2017,39003514225.06,39003514225.06,10835439.65,,
08/09/2017,55789435915.65,55789435915.65,24411902.02,,
09/09/2017,68261973538.38,68261973538.38,39475710.1,,
10/09/2017,79454753557.19,79454753557.19,15079463.08,,
11/09/2017,110351108678.33,110351108678.33,31234345.72,,
01/10/2017,12518690463.3,12518690463.3,,,
06/10/2017,48469356662.85,48469356662.85,78748283.79,,
07/10/2017,38436986869.63,38436986869.63,54729697.71,,
08/10/2017,60239877099.1,60239877099.1,84633609.91,,
09/10/2017,68904758310.35,68904758310.35,41560978.5,,
10/10/2017,80201854580.07,80201854580.07,13210856.8,,
11/10/2017,106014683067.29,106014683067.29,20228850.93,,
01/11/2017,12956175273.61,12956175273.61,,,
06/11/2017,43583916060.18,43583916060.18,120051222.13,,
07/11/2017,39446066958.07,39446066958.07,58787146.16,,
08/11/2017,64108725343.65,64108725343.65,42256402.89,,
09/11/2017,68409679092.95,68409679092.95,31388476.63,,
10/11/2017,90523020091.02,90523020091.02,10213630.78,,
11/11/2017,99223413244.2,99223413244.2,63107770.06,,
12/11/2017,291472489064.45,291472489064.45,62795466.16,,
01/12/2017,13266153823.9,13266153823.9,,,
02/01/2017,16331073529.33,16331073529.33,,,
02/02/2017,16625107023.45,16625107023.45,,,
02/03/2017,16836977723.66,16836977723.66,,,
02/04/2017,16587679023.31,16587679023.31,,,
02/05/2017,16763895799.2,16763895799.2,,,
02/06/2017,17140280754.92,17140280754.92,,,
02/07/2017,17170227391,17170227391,,,
02/08/2017,16062796107.35,16062796107.35,,,
02/09/2017,15972405320.43,15972405320.43,,,
02/10/2017,16229076598.34,16229076598.34,,,
02/11/2017,16145635452.96,16145635452.96,,,
02/12/2017,16009717281.8,16009717281.8,,,
03/01/2017,20257745298.8,20257745298.8,,,
03/02/2017,20648314012.68,20648314012.68,,,
03/03/2017,20329435408.38,20329435408.38,,,
03/04/2017,20525474918.95,20525474918.95,,,
03/05/2017,20620236935.18,20620236935.18,,,
03/06/2017,19824055850.01,19824055850.01,,,
03/07/2017,18634669896.97,18634669896.97,,,
03/08/2017,19260550941,19260550941,,,
03/09/2017,18099621972.68,18099621972.68,,,
03/10/2017,19059737782.64,19059737782.64,,,
03/11/2017,19800599858.94,19800599858.94,,,
03/12/2017,19973715599.27,19973715599.27,,,
04/01/2017,17911318647.31,17911318647.31,,,
05/01/2017,23690504490.96,23690504490.96,,,
04/02/2017,18590418290.73,18590418290.73,,,
05/02/2017,24300741905.45,24300741905.45,,,
04/03/2017,18420673887.02,18420673887.02,,,
05/03/2017,25079747685.37,25079747685.37,,,
04/04/2017,18285117052.96,18285117052.96,,,
05/04/2017,25372532047.12,25372532047.12,,,
04/05/2017,19228572304.77,19228572304.77,,,
05/05/2017,25756775021.89,25756775021.89,,,
04/06/2017,19136838536.23,19136838536.23,,,
05/06/2017,26052217072.38,26052217072.38,,,
04/07/2017,19123732328.37,19123732328.37,,,
05/07/2017,28122064076.81,28122064076.81,,,
04/08/2017,19319802739.75,19319802739.75,,,
05/08/2017,28648177077.6,28648177077.6,,,
04/09/2017,19309828755.25,19309828755.25,,,
05/09/2017,29169664419.41,29169664419.41,,,
04/10/2017,19603136786.55,19603136786.55,,,
05/10/2017,30176080903.03,30176080903.03,,,
04/11/2017,19530007019.94,19530007019.94,,,
05/11/2017,28149602473.52,28149602473.52,,,
04/12/2017,19026248769.42,19026248769.42,,,
05/12/2017,29470099879.3,29470099879.3,,,
06/01/2017,40731109192.34,40731109192.34,46113968.03,,
06/12/2017,44528825544.73,44528825544.73,105584941.64,,
07/01/2017,41165054416.22,41165054416.22,27698617.84,,
07/02/2017,42116401131.62,42116401131.62,76580515.06,,
07/03/2017,42738712401.86,42738712401.86,30783661.87,,
07/12/2017,38777618470.39,38777618470.39,36351445.27,,
08/01/2017,44683105690.52,44683105690.52,30699233.08,,
08/02/2017,46238694570.01,46238694570.01,53336299.64,,
08/03/2017,47747179099,47747179099,27827755.18,,
08/04/2017,53641281976.32,53641281976.32,30166417.94,,
08/12/2017,67228167820,67228167820,37277641.78,,
09/01/2017,75730844835.21,75730844835.21,59382205.52,,
09/02/2017,75809179075.47,75809179075.47,52298326.44,,
09/03/2017,70084491329.7,70084491329.7,54542194.36,,
09/04/2017,72413695036.98,72413695036.98,77838183.3,,
09/05/2017,76073939212.27,76073939212.27,62591771.36,,
09/12/2017,64307909875.54,64307909875.54,28517911.81,,
10/01/2017,73192530357.79,73192530357.79,21096900.59,,
10/02/2017,71678146907.41,71678146907.41,9252053.17,,
10/03/2017,70223002263.43,70223002263.43,7776131.49,,
10/04/2017,71874435500.47,71874435500.47,9240918.79,,
10/05/2017,72586679918.96,72586679918.96,5641770.09,,
10/06/2017,73526385722.19,73526385722.19,8931658.78,,
10/07/2017,76585407825.89,76585407825.89,6332095.62,,
10/12/2017,93860167172.57,93860167172.57,34521596.01,,
11/01/2017,117928960256.25,117928960256.25,31755843.78,,
11/02/2017,120093907546.18,120093907546.18,20787856.07,,
11/03/2017,122973545412.95,122973545412.95,20361594.99,,
11/04/2017,123445057029.84,123445057029.84,14703333.72,,
11/05/2017,117047498124.47,117047498124.47,15738248.13,,
11/06/2017,119087070289.89,119087070289.89,16347546.42,,
11/07/2017,124357308798.09,124357308798.09,59816238.07,,
11/08/2017,119100364751.14,119100364751.14,47128020.92,,
11/12/2017,109397472549.61,109397472549.61,35936843.3,,
12/01/2017,185114235583.61,185114235583.61,30265606.25,,
12/02/2017,189295016625.16,189295016625.16,16964227.08,,
12/03/2017,194903397830.82,194903397830.82,73011410.88,,
12/04/2017,199271067053.08,199271067053.08,29675299.9,,
12/05/2017,239016115378.65,239016115378.65,27485689.24,,
12/06/2017,299393132363.76,299393132363.76,41375352.98,,
12/07/2017,277175632764.79,277175632764.79,78533637.42,,
12/08/2017,253934700683.59,253934700683.59,60146404.55,,
12/09/2017,258606031866.73,258606031866.73,44074507.98,,
12/10/2017,283428027272.9,283428027272.9,24938444.13,,
12/12/2017,274649965463.82,274649965463.82,90043732.05,,
01/01/2018,251368014529.2,251368014529.2,122134515.3,,
01/02/2018,255068799498.74,255068799498.74,101088707.46,,
12/02/2018,67777543141.14,67777543141.14,9403574.85,,
01/03/2018,261785644894.01,261785644894.01,124361628.22,,
12/03/2018,68875524760.28,68875524760.28,8299090.91,,
01/04/2018,292534528129.64,292534528129.64,157782301.17,,
12/04/2018,65350574290.55,65350574290.55,8671458.75,,
01/05/2018,294206503646.93,294206503646.93,122549130.25,,
12/05/2018,61301896860.57,61301896860.57,15818182.04,,
01/06/2018,276624921628.5,276624921628.5,112104810.18,,
12/06/2018,59545894570.17,59545894570.17,17826745.85,,
01/07/2018,254704003463.29,254704003463.29,189009691.08,,
12/07/2018,60529498621.07,60529498621.07,17141174.02,,
01/08/2018,245086738205.97,245086738205.97,150094272.18,,
12/08/2018,62939856853.69,62939856853.69,8380872.98,,
01/09/2018,251465034395.79,251465034395.79,251103252.45,,
12/09/2018,61002519521.53,61002519521.53,7808414.46,,
01/10/2018,225169192242.19,225169192242.19,75468600.08,,
12/10/2018,59648404905.71,59648404905.71,8955231.47,,
01/11/2018,234854375737.21,234854375737.21,176572805.61,,
12/11/2018,60739881950.46,60739881950.46,8346891.77,,
01/12/2018,241261264836.19,241261264836.19,99854547.2,,
02/01/2018,148719637763.02,148719637763.02,97811913.49,,
02/02/2018,154534224418.95,154534224418.95,40671491.84,,
02/03/2018,139427640317.54,139427640317.54,34509835.74,,
02/04/2018,117179362811.06,117179362811.06,55088906.17,,
02/05/2018,130652662497.62,130652662497.62,77851392.45,,
02/06/2018,128430113686.02,128430113686.02,37247765,,
02/07/2018,139302606120.12,139302606120.12,34397084.31,,
02/08/2018,147261150527.25,147261150527.25,38543124.74,,
02/09/2018,145335520495.87,145335520495.87,35860718.94,,
02/10/2018,137059363738.07,137059363738.07,19743303.4,,
02/11/2018,150506789965.62,150506789965.62,92047406.09,,
02/12/2018,144990375887.26,144990375887.26,91593351.09,,
03/01/2018,187312950488.98,187312950488.98,23451633.81,,
03/02/2018,194151996241.05,194151996241.05,19167250.52,,
03/03/2018,194559482246.14,194559482246.14,21246844.39,,
03/04/2018,195607371362.12,195607371362.12,18849563.22,,
03/05/2018,182217539905.1,182217539905.1,25735480.12,,
03/06/2018,168474443753.52,168474443753.52,21970133,,
03/07/2018,158846580851.47,158846580851.47,52662189.33,,
03/08/2018,157892798518.56,157892798518.56,44105662.38,,
03/09/2018,149935064704.85,149935064704.85,19318185.52,,
03/10/2018,162002529077.85,162002529077.85,17919878.06,,
03/11/2018,155705247610.35,155705247610.35,12292915.88,,
03/12/2018,155550420198.08,155550420198.08,23676944.68,,
04/01/2018,120097856413.74,120097856413.74,34930786.03,,
04/02/2018,126424639029.28,126424639029.28,21772075.17,,
04/03/2018,116224879000.82,116224879000.82,25196409.12,,
04/04/2018,115519774798.56,115519774798.56,13586027.89,,
04/05/2018,112561465820.29,112561465820.29,9347804.8,,
04/06/2018,117236960114.79,117236960114.79,9213687.52,,
04/07/2018,119157938055.08,119157938055.08,13365062.9,,
04/08/2018,114883064655.96,114883064655.96,11758838.15,,
04/09/2018,115982028670.37,115982028670.37,13943001.59,,
04/10/2018,118262731983.58,118262731983.58,10230474.72,,
04/11/2018,133907782124.7,133907782124.7,48381608.17,,
04/12/2018,134037646051.41,134037646051.41,54779887.67,,
05/01/2018,157114477159.56,157114477159.56,29858449.51,,
05/02/2018,165773757740.14,165773757740.14,144758138.91,,
05/03/2018,165058736396.13,165058736396.13,58214985.71,,
05/04/2018,167753360832.64,167753360832.64,58680958.61,,
05/05/2018,164311225815.32,164311225815.32,36082246.28,,
05/06/2018,159532358793.32,159532358793.32,68159718.96,,
05/07/2018,157195852913.62,157195852913.62,61804859.9,,
05/08/2018,158753474281.32,158753474281.32,34599680.23,,
05/09/2018,153983712445.48,153983712445.48,31446784.54,,
05/10/2018,143739341043.85,143739341043.85,67574902.02,,
05/11/2018,144835098009.77,144835098009.77,59350229.58,,
05/12/2018,148583149916.78,148583149916.78,30477430.74,,
06/01/2018,130477072184.19,130477072184.19,25693617.45,,
06/02/2018,131842332073.69,131842332073.69,23420110.78,,
06/03/2018,128307178401.86,128307178401.86,35223308.66,,
06/04/2018,130361553388.68,130361553388.68,34458729.72,,
06/05/2018,130721251042.97,130721251042.97,31512282.14,,
06/06/2018,131148503617.68,131148503617.68,31837890.43,,
06/07/2018,130252599254.02,130252599254.02,27274419.66,,
06/08/2018,128678408938.93,128678408938.93,27585605.02,,
06/09/2018,115945114829.43,115945114829.43,77952914.96,,
06/10/2018,118022030440.51,118022030440.51,37838546.8,,
06/11/2018,112488423268.21,112488423268.21,31668577.69,,
06/12/2018,108527379909.01,108527379909.01,56618531.54,,
07/01/2018,113285115055.94,113285115055.94,15280808.1,,
07/02/2018,111846079012.45,111846079012.45,56406947.55,,
07/03/2018,113021141255.44,113021141255.44,29182360.06,,
07/04/2018,113744985403.1,113744985403.1,19595987.64,,
07/05/2018,114346251562.5,114346251562.5,16458814.19,,
07/06/2018,117502926840.98,117502926840.98,23093391.87,,
07/07/2018,116092785595.56,116092785595.56,15871198.68,,
07/08/2018,115554016359.38,115554016359.38,27543937.83,,
07/09/2018,108507135879.85,108507135879.85,25217799.35,,
07/10/2018,109628589487.99,109628589487.99,19742792.43,,
07/11/2018,106795128538.05,106795128538.05,14439193.58,,
07/12/2018,106964853684.11,106964853684.11,19075155.52,,
08/01/2018,130047549966.25,130047549966.25,17644148.97,,
08/02/2018,127780819184.38,127780819184.38,20088744.66,,
08/03/2018,120894404266.18,120894404266.18,15653415.39,,
08/04/2018,121521888327.69,121521888327.69,14027454.64,,
08/05/2018,119527900402.23,119527900402.23,14571566.5,,
08/06/2018,116123529765.63,116123529765.63,16335933.98,,
08/07/2018,108444287389.32,108444287389.32,38465782.8,,
08/08/2018,112969343223.16,112969343223.16,31430983.65,,
08/09/2018,106386321989.7,106386321989.7,24663164.81,,
08/10/2018,108310338845.28,108310338845.28,33013401.4,,
08/11/2018,108786696513.96,108786696513.96,19312079.31,,
08/12/2018,108365705618.07,108365705618.07,17563337.66,,
09/01/2018,125423339528.41,125423339528.41,7491268.9,,
09/02/2018,125218626822.14,125218626822.14,33206831.56,,
09/03/2018,126983100231.74,126983100231.74,16249768.29,,
09/04/2018,117181719418.75,117181719418.75,20135939.47,,
09/05/2018,112645973140.47,112645973140.47,21403316.09,,
09/06/2018,111586128695.34,111586128695.34,52385730.91,,
09/07/2018,107438354364.05,107438354364.05,3198964.3,,
09/08/2018,108742453248.35,108742453248.35,15036150.14,,
09/09/2018,109252069679.87,109252069679.87,33846266.29,,
09/10/2018,109116876987.8,109116876987.8,11271872.65,,
09/11/2018,109657091699.95,109657091699.95,45346352.21,,
09/12/2018,112526782686.48,112526782686.48,28816504.12,,
10/01/2018,113427144397.48,113427144397.48,5558811.28,,
10/02/2018,112513345126.57,112513345126.57,6265128.52,,
10/03/2018,113807488174.53,113807488174.53,15264744.28,,
10/04/2018,114610958132.57,114610958132.57,6407787.51,,
10/05/2018,114029959468.59,114029959468.59,24279397.08,,
10/06/2018,114295910380.76,114295910380.76,6250064.44,,
10/07/2018,115159595919.73,115159595919.73,18321342.39,,
10/08/2018,115003772637.3,115003772637.3,8513248.46,,
10/09/2018,114027371852.85,114027371852.85,6936423.57,,
10/10/2018,108337346503.94,108337346503.94,43468719.72,,
10/11/2018,108666192043.65,108666192043.65,11290369.74,,
10/12/2018,108874574228.91,108874574228.91,5652070.34,,
11/01/2018,110875850676.43,110875850676.43,21972353.89,,
11/02/2018,110416566184.86,110416566184.86,3272896.52,,
11/03/2018,110685382103.32,110685382103.32,4266392.69,,
11/04/2018,111452256261.7,111452256261.7,7128959.77,,
11/05/2018,112181351988.79,112181351988.79,11055601.11,,
11/06/2018,113392193312.9,113392193312.9,33868766.51,,
11/07/2018,112075271333.03,112075271333.03,4116438.75,,
11/08/2018,110902366144.34,110902366144.34,4320780.84,,
11/09/2018,111321986257.31,111321986257.31,3845021.26,,
11/10/2018,111369736877.35,111369736877.35,3984868.73,,
11/11/2018,110685784725.59,110685784725.59,25425635.36,,
11/12/2018,110491344612,110491344612,4162503.44,,
12/01/2018,72048626630.94,72048626630.94,9262884.08,,
12/12/2018,57726784508.39,57726784508.39,50602627.69,,
01/01/2019,68847244222.99,68847244222.99,17122538.44,,
01/02/2019,66992093224.37,66992093224.37,17141444.55,,
01/03/2019,67365490362.46,67365490362.46,15317080.97,,
01/04/2019,67155744467.7,67155744467.7,29956263.43,,
03/04/2019,68468368227.44,68468368227.44,10178641.77,,
01/05/2019,71204351911.49,71204351911.49,19209988.06,,
03/05/2019,68607691760.03,68607691760.03,14122641.12,,
04/05/2019,89210395814.03,89210395814.03,11175936,,
01/06/2019,70314194337.6,70314194337.6,42933344.04,,
03/06/2019,68747172207.04,68747172207.04,8046592.2,,
04/06/2019,91670395999.4,91670395999.4,26131626.88,,
01/07/2019,70420224574.24,70420224574.24,22385859.33,,
03/07/2019,68572238641.24,68572238641.24,9081358.12,,
04/07/2019,93282599656.03,93282599656.03,42122023.69,,
05/07/2019,105825706663.42,105825706663.42,33243402.7,,
01/08/2019,70505505222.11,70505505222.11,15848709.22,,
03/08/2019,69671884940.93,69671884940.93,33274589.26,,
04/08/2019,91796662884.07,91796662884.07,34997305.25,,
05/08/2019,109233972940.9,109233972940.9,26194380.75,,
06/08/2019,136460677888.82,136460677888.82,20621499.66,,
01/09/2019,64286633558.09,64286633558.09,23448116.29,,
03/09/2019,69473619915.59,69473619915.59,23223670.77,,
04/09/2019,93915111429.11,93915111429.11,32232591.68,,
05/09/2019,112859938328.72,112859938328.72,28514347.72,,
06/09/2019,142018854894.03,142018854894.03,31106457.22,,
01/10/2019,64440952264.76,64440952264.76,18648543.19,,
03/10/2019,68664586841.7,68664586841.7,10787309.79,,
04/10/2019,89337879072.14,89337879072.14,36573957.8,,
05/10/2019,127484382497.17,127484382497.17,42627205.03,,
06/10/2019,140743289382.95,140743289382.95,21019237.08,,
07/10/2019,202318069411,202318069411,57581694.83,,
01/11/2019,63992447530.16,63992447530.16,9588610.21,,
03/11/2019,68740997138.46,68740997138.46,14639379,,
04/11/2019,89789518247.21,89789518247.21,28956892.07,,
05/11/2019,123384916716.94,123384916716.94,51939362.7,,
06/11/2019,144630106738.95,144630106738.95,21773403.68,,
07/11/2019,210486737440.53,210486737440.53,55989779.82,,
08/11/2019,203435945959.88,203435945959.88,11692670.81,,
01/12/2019,62104376087.9,62104376087.9,7432996.09,,
02/01/2019,61672964166.21,61672964166.21,4587203.53,,
02/02/2019,60679684331.26,60679684331.26,4255615.08,,
02/03/2019,60601137687.04,60601137687.04,4988675.53,,
02/04/2019,60733528737.91,60733528737.91,3031877.44,,
02/05/2019,59818982334.71,59818982334.71,7009146.43,,
02/06/2019,59575570580.33,59575570580.33,4412287.11,,
02/07/2019,64267842544.16,64267842544.16,4397808.47,,
02/08/2019,64352621532.93,64352621532.93,10186558.42,,
02/09/2019,64691675300.82,64691675300.82,7330366.62,,
02/10/2019,63966338007.77,63966338007.77,9702140.84,,
02/11/2019,64061930312.17,64061930312.17,6350450.71,,
02/12/2019,63691626881.54,63691626881.54,9173232.88,,
03/01/2019,67886470011.06,67886470011.06,11171857.84,,
03/02/2019,67590260426.56,67590260426.56,6589400.82,,
03/03/2019,66092578650.54,66092578650.54,17093493.61,,
03/12/2019,68704700141.97,68704700141.97,12988886.44,,
04/01/2019,86001563883.73,86001563883.73,31493537.91,,
04/02/2019,87652493306.34,87652493306.34,47782225.63,,
04/03/2019,86775774141.8,86775774141.8,30070028.71,,
04/04/2019,88793350993.71,88793350993.71,17534984.81,,
04/12/2019,89922580630.04,89922580630.04,12234756.9,,
05/01/2019,97325570287.48,97325570287.48,15763419.66,,
05/02/2019,101987322413.49,101987322413.49,23450856.01,,
05/03/2019,103109400149.02,103109400149.02,15297214.48,,
05/04/2019,102491525202.1,102491525202.1,12028383.71,,
05/05/2019,101636807466.17,101636807466.17,17602998.51,,
05/06/2019,103109745281.82,103109745281.82,51912400.54,,
05/12/2019,138311494112.36,138311494112.36,33843529.29,,
06/01/2019,155073410678.54,155073410678.54,25877354.5,,
06/02/2019,145615049560.7,145615049560.7,33826930.45,,
06/03/2019,136737395029.03,136737395029.03,38341670.31,,
06/04/2019,138819863236.71,138819863236.71,31527172.95,,
06/05/2019,138795742850.44,138795742850.44,27978921.4,,
06/06/2019,142748765195.45,142748765195.45,31476992.07,,
06/07/2019,141167969732.23,141167969732.23,16869754.95,,
06/12/2019,146155176936.26,146155176936.26,33424918.27,,
07/01/2019,192199251074.21,192199251074.21,47229822.4,,
07/02/2019,212858712267.59,212858712267.59,34941322.7,,
07/03/2019,199609273239.32,199609273239.32,41259425.91,,
07/04/2019,195416312680.54,195416312680.54,35043475.24,,
07/05/2019,199538545142.61,199538545142.61,17656529.53,,
07/06/2019,203874024614.22,203874024614.22,20256128.51,,
07/07/2019,218768532820.71,218768532820.71,34080533.73,,
07/08/2019,223920747754.46,223920747754.46,35232310.04,,
07/09/2019,216509465396.76,216509465396.76,42493536.16,,
07/12/2019,202961218864.65,202961218864.65,18254836.56,,
08/01/2019,187783207624.17,187783207624.17,18041272.91,,
08/02/2019,193225984988.85,193225984988.85,14277577.63,,
08/03/2019,195898830486.14,195898830486.14,5617061.19,,
08/04/2019,210842334853.64,210842334853.64,33122792.09,,
08/05/2019,205015743527.08,205015743527.08,25266330.47,,
08/06/2019,213323709431.66,213323709431.66,15932122.55,,
08/07/2019,213779718710.23,213779718710.23,21311286.2,,
08/08/2019,211953459937.12,211953459937.12,17719142.54,,
08/09/2019,202881226762.91,202881226762.91,19517459.22,,
08/10/2019,205934141908.09,205934141908.09,20698835.04,,
08/12/2019,194756159145.9,194756159145.9,11526057.85,,
09/01/2019,185326135272.96,185326135272.96,10103771.85,,
09/02/2019,190305582654.97,190305582654.97,16945042.97,,
09/03/2019,189803394346.58,189803394346.58,29399330.45,,
09/04/2019,189485663480.24,189485663480.24,12422925.52,,
09/05/2019,185524322797.92,185524322797.92,18097301.4,,
09/06/2019,188481037640.91,188481037640.91,11583471.45,,
09/07/2019,187141077626.81,187141077626.81,23423333.29,,
09/08/2019,185257641547.62,185257641547.62,14869801.03,,
09/09/2019,181353017951.25,181353017951.25,10635775.53,,
09/10/2019,182493882167.1,182493882167.1,13660328.91,,
09/11/2019,186671921428.07,186671921428.07,7152017.44,,
09/12/2019,185802817200.07,185802817200.07,10856344.52,,
10/01/2019,150819286402.41,150819286402.41,9240533.57,,
10/02/2019,148442690595.65,148442690595.65,7737340.45,,
10/03/2019,147486269150.43,147486269150.43,6793866.87,,
10/04/2019,146524546631.39,146524546631.39,5947275.24,,
10/05/2019,143603079672.79,143603079672.79,8153618.2,,
10/06/2019,148247642431.26,148247642431.26,11843262.26,,
10/07/2019,147961647010.71,147961647010.71,18124828.18,,
10/08/2019,154574610411.12,154574610411.12,18092351.94,,
10/09/2019,154424182636.07,154424182636.07,19825518.97,,
10/10/2019,149681669601.49,149681669601.49,15376658.68,,
10/11/2019,149961395100.82,149961395100.82,40805987.79,,
10/12/2019,149697389684.5,149697389684.5,6371241.5,,
11/01/2019,168086429929.65,168086429929.65,6406311.6,,
11/02/2019,166489898321.9,166489898321.9,5598748.91,,
11/03/2019,169701155999.82,169701155999.82,14770338.14,,
11/04/2019,168453472629.32,168453472629.32,20683171.93,,
11/05/2019,168800418043.79,168800418043.79,18389072.83,,
11/06/2019,167133630379.19,167133630379.19,11469006.41,,
11/07/2019,158804938715.39,158804938715.39,11256817.72,,
11/08/2019,158975765293.58,158975765293.58,7497143.01,,
11/09/2019,163357841475.48,163357841475.48,6921223.36,,
11/10/2019,158003532512.83,158003532512.83,12370311.55,,
11/11/2019,159065517222.74,159065517222.74,5987474.49,,
11/12/2019,158944547781.19,158944547781.19,8097907.87,,
12/01/2019,132375321382.66,132375321382.66,7648271.56,,
12/02/2019,132355001203.23,132355001203.23,8858253.04,,
12/03/2019,131138450771.28,131138450771.28,11276086.29,,
12/04/2019,134701989787.48,134701989787.48,8991905.68,,
12/05/2019,136499604810.44,136499604810.44,8976245.23,,
12/06/2019,136680350504.83,136680350504.83,2702194.77,,
12/07/2019,136842885070.91,136842885070.91,2759914.58,,
12/08/2019,133899938992.91,133899938992.91,7475932.74,,
12/09/2019,131690663265.02,131690663265.02,5608966.01,,
12/10/2019,130605117591.24,130605117591.24,3324411.33,,
12/11/2019,131083167364.58,131083167364.58,5688225.74,,
12/12/2019,131577292195.37,131577292195.37,4424740.1,,
01/01/2020,126695469401.06,126695469401.06,6512026.33,,
01/02/2020,133229129636.03,133229129636.03,16194853.97,,
01/03/2020,134436720771.43,134436720771.43,13364185.93,,
01/04/2020,134464734598.47,134464734598.47,9383762.6,,
01/05/2020,140971993887.37,140971993887.37,12468713.79,,
01/06/2020,148145196469.13,148145196469.13,13262838.63,,
01/07/2020,146640924543.45,146640924543.45,15305268.15,,
01/08/2020,143010565027.35,143010565027.35,10418349.94,,
01/09/2020,148244701098.48,148244701098.48,5986021.01,,
01/10/2020,145918778623.34,145918778623.34,17987658.41,,
01/11/2020,148748246281.69,148748246281.69,11022750.74,,
01/12/2020,147887170564.39,147887170564.39,13549789.35,,
02/01/2020,170028902824.31,170028902824.31,17364051.32,,
02/02/2020,169120941060.78,169120941060.78,14598355.99,,
02/03/2020,167088705984.74,167088705984.74,9587110.13,,
02/04/2020,174977540517.29,174977540517.29,13674485.87,,
02/05/2020,177114144092.9,177114144092.9,25590676.02,,
02/06/2020,178334544132.42,178334544132.42,22542780.81,,
02/07/2020,179610654067.19,179610654067.19,21541703.65,,
02/08/2020,184208063098.11,184208063098.11,20006970.9,,
02/09/2020,179490127375.26,179490127375.26,20187562.5,,
02/10/2020,185910229533.31,185910229533.31,14442307.37,,
02/11/2020,188073852235.17,188073852235.17,28995182.19,,
02/12/2020,186057603207.73,186057603207.73,47841463.39,,
03/01/2020,161855406894.3,161855406894.3,20899015.08,,
03/02/2020,160378091443.6,160378091443.6,25446166.38,,
03/03/2020,159802499117.6,159802499117.6,26097295.53,,
03/04/2020,165726800082.86,165726800082.86,26067725.88,,
03/05/2020,166542674400.37,166542674400.37,24213879.92,,
03/06/2020,162679493010.98,162679493010.98,12299592.69,,
03/07/2020,148056331854.37,148056331854.37,28137400.91,,
03/08/2020,144701995753.9,144701995753.9,48854744.13,,
03/09/2020,144461320209.81,144461320209.81,22963223.86,,
03/10/2020,144505040312.76,144505040312.76,14674145.63,,
03/11/2020,90801693262.72,90801693262.72,44909146.63,,
03/12/2020,101641413906.87,101641413906.87,59945813.19,,
04/01/2020,124331312623.39,124331312623.39,13445459.76,,
04/02/2020,123240684406.1,123240684406.1,21949639.34,,
04/03/2020,125708284792.73,125708284792.73,7519271.48,,
12/03/2020,350901616925.81,350901616925.81,40274902.33,,
04/04/2020,124322914668.92,124322914668.92,7769826.1,,
12/04/2020,354708619085.25,354708619085.25,20210608.5,,
04/05/2020,133136859590.44,133136859590.44,17902682.5,,
12/05/2020,355189922909.06,355189922909.06,17640174.84,,
04/06/2020,131404365647.49,131404365647.49,30491373.51,,
12/06/2020,357002643911.88,357002643911.88,24514855.67,,
04/07/2020,134305402900.29,134305402900.29,15653383.86,,
12/07/2020,349272565800,349272565800,19459101.98,,
04/08/2020,133732840474.39,133732840474.39,12807443.71,,
12/08/2020,340857492001.25,340857492001.25,40436375.49,,
04/09/2020,125750693704.65,125750693704.65,21709981.87,,
12/09/2020,336567785489,336567785489,31709644.91,,
04/10/2020,125646996664.61,125646996664.61,11984459.47,,
12/10/2020,336047260087.5,336047260087.5,30590025.54,,
04/11/2020,128876971653.38,128876971653.38,12267945.14,,
12/11/2020,341748669398.06,341748669398.06,20767147.71,,
04/12/2020,124237808974.5,124237808974.5,41299073.26,,
05/01/2020,164258303598.75,164258303598.75,14434445.5,,
05/02/2020,161983885285.88,161983885285.88,12384479.33,,
05/03/2020,162508380454,162508380454,17597619.19,,
05/04/2020,162535623611.63,162535623611.63,14914708.53,,
05/05/2020,170472736708.75,170472736708.75,19284096.91,,
05/06/2020,174718745932.5,174718745932.5,29282576.97,,
05/07/2020,182943228758.75,182943228758.75,28698445.81,,
05/08/2020,177931698769.13,177931698769.12,13292575.83,,
05/09/2020,158699243951.25,158699243951.25,44377484.2,,
05/10/2020,163128860103.75,163128860103.75,25423373.71,,
05/11/2020,163136510781.25,163136510781.25,41315575.68,,
05/12/2020,167868371219.25,167868371219.25,25076798.06,,
06/01/2020,174070014749.44,174070014749.44,47797166.07,,
06/02/2020,175806772442.69,175806772442.69,22553956.79,,
06/03/2020,180960417950,180960417950,14768587.26,,
06/04/2020,178615990521.63,178615990521.63,23755460.77,,
06/05/2020,177554528249.38,177554528249.38,12723815.37,,
06/06/2020,174651123525.38,174651123525.38,17970547.04,,
06/07/2020,178480432253.75,178480432253.75,18825921.31,,
06/08/2020,178954471643.88,178954471643.88,15477017.39,,
06/09/2020,179603911360.13,179603911360.13,15319900.28,,
06/10/2020,175018659624,175018659624,34021124.79,,
06/11/2020,173255614132.56,173255614132.56,41896275.66,,
06/12/2020,173699573203.31,173699573203.31,6010331.34,,
07/01/2020,166777853733.31,166777853733.31,19621130.68,,
07/02/2020,167675074466.81,167675074466.81,15405706.54,,
07/03/2020,167026460794.5,167026460794.5,7445001.87,,
07/04/2020,166341437524.56,166341437524.56,16396817.9,,
07/05/2020,167167147839.38,167167147839.38,18731157.94,,
07/06/2020,171287475159.5,171287475159.5,29293790.76,,
07/07/2020,173491761214.5,173491761214.5,17154356.43,,
07/08/2020,169831284720.38,169831284720.38,23853682.12,,
07/09/2020,170326379688.94,170326379688.94,13313903.64,,
07/10/2020,170102909515,170102909515,6490065.85,,
07/11/2020,169905723728,169905723728,7446324.49,,
07/12/2020,171223076990.63,171223076990.63,15531806.97,,
08/01/2020,204735897924.38,204735897924.38,55133932.38,,
08/02/2020,210087862331,210087862331,23482404.03,,
08/03/2020,206797608838.88,206797608838.88,32301839.9,,
08/04/2020,215510959256.69,215510959256.69,28412422.55,,
08/05/2020,218646832694.06,218646832694.06,35885900.83,,
08/06/2020,215009277709.69,215009277709.69,29266842.56,,
08/07/2020,216967389985.5,216967389985.5,43903869.67,,
08/08/2020,213818542333.38,213818542333.38,26160654.97,,
08/09/2020,220308556516.5,220308556516.5,35629756.58,,
08/10/2020,212100158417.25,212100158417.25,29560387.67,,
08/11/2020,213888532033.81,213888532033.81,27405452.45,,
08/12/2020,212415151790.88,212415151790.88,43369878.66,,
09/01/2020,209260786225.13,209260786225.13,90255393.63,,
09/02/2020,197355528759.94,197355528759.94,78860449.73,,
09/03/2020,192840191634.38,192840191634.38,74926677.56,,
09/04/2020,189714098602,189714098602,107485453.49,,
09/05/2020,188160651216,188160651216,107730533.96,,
09/06/2020,187675489146.25,187675489146.25,49976298.07,,
09/07/2020,186662481556.69,186662481556.69,27731660.71,,
09/08/2020,189562796050.5,189562796050.5,62037407.4,,
09/09/2020,192876392956.19,192876392956.19,35747793.08,,
09/10/2020,190821739967.88,190821739967.88,21577660.22,,
09/11/2020,191603955958.63,191603955958.63,22591389.38,,
09/12/2020,190211657715.69,190211657715.69,44348443.58,,
10/01/2020,194652882256.63,194652882256.63,35925794.24,,
11/01/2020,250156730130,250156730130,4776403.22,,
10/02/2020,195304651536.94,195304651536.94,18589937.45,,
11/02/2020,254275418160.25,254275418160.25,6776276.63,,
10/03/2020,196175647036,196175647036,10248645.14,,
11/03/2020,257999066875,257999066875,1298785.28,,
10/04/2020,198500507006.44,198500507006.44,24046962.52,,
11/04/2020,280201107455,280201107455,1972871.11,,
10/05/2020,198675146922.25,198675146922.25,15517542.35,,
11/05/2020,285967911775,285967911775,3665699.43,,
10/06/2020,196755072056.38,196755072056.38,24510095.05,,
11/06/2020,284343645870,284343645870,2645339.93,,
10/07/2020,201779539518.56,201779539518.56,27706890.42,,
11/07/2020,284820606981.56,284820606981.56,1361353.47,,
10/08/2020,205422685502.13,205422685502.13,29593562.25,,
11/08/2020,278639678765.44,278639678765.44,1573497.34,,
10/09/2020,210114236284.88,210114236284.88,33746546.43,,
11/09/2020,281524346845,281524346845,2214381.65,,
10/10/2020,211206204495.56,211206204495.56,11534747.19,,
11/10/2020,291014535697.88,291014535697.88,3040675.71,,
10/11/2020,213738405651.75,213738405651.75,34969328.32,,
11/11/2020,299476345859.25,299476345859.25,4154176.56,,
10/12/2020,210863227295.25,210863227295.25,46350942.38,,
11/12/2020,299925056880.63,299925056880.63,1134641.07,,
12/01/2020,350503589104.38,350503589104.38,38936192.51,,
12/02/2020,362586364917.13,362586364917.13,23558103.8,,
12/12/2020,356808808200,356808808200,17313123.41,,
01/01/2021,589650269740,589650269740,44600932.83,,
01/02/2021,624049533469,624049533469,75300691.6,,
01/03/2021,589480685541,589480685541,295188726.06,,
01/04/2021,598310040651.75,598310040651.75,111616412.95,,
01/05/2021,646034717645.63,646034717645.63,143926302.06,,
02/05/2021,761121854601.75,761121854601.75,130424501.29,83,
01/06/2021,724986527069.31,724986527069.31,150331256.96,,
02/06/2021,706952091542.63,706952091542.63,94796738.53,83,
01/07/2021,759134071631.63,759134071631.63,168067100.89,,
02/07/2021,822359590357.81,822359590357.81,141954792.51,83,
01/08/2021,755674921497.13,755674921497.13,76478044.38,,
02/08/2021,873884284317,873884284317,177731078.06,83,
01/09/2021,739598238251.19,739598238251.19,136731670.11,,
02/09/2021,826957321263.06,826957321263.06,142476969.56,83,
03/09/2021,1051171047942.75,1051171047942.75,89414604.55,83,
01/10/2021,588261369373.13,588261369373.13,169441276.53,,
02/10/2021,897544524451.44,897544524451.44,134495997.88,83,
03/10/2021,1050646681810.5,1050646681810.5,97794295.76,83,
04/10/2021,1113629141535,1113629141535,69645946.98,83,
01/11/2021,629980756060.69,629980756060.69,138243211.55,,
02/11/2021,878811492660,878811492660,155012297.43,83,
03/11/2021,1062377514416.25,1062377514416.25,127115328.24,83,
04/11/2021,1120701164906.25,1120701164906.25,90371727.51,83,
01/12/2021,643908225426.5,643908225426.5,71741729.08,,
02/01/2021,646277973432,646277973432,160483625.06,83,
02/02/2021,688067807294.25,688067807294.25,204804929.27,83,
02/03/2021,682863614527.75,682863614527.75,179252009.72,83,
02/04/2021,707671018605,707671018605,112651247.82,83,
02/12/2021,878926384916,878926384916,118549230.74,83,
03/01/2021,907352513549.06,907352513549.06,99250463.47,83,
03/02/2021,946884463756.88,946884463756.88,99728624.78,83,
03/03/2021,924668120796.44,924668120796.44,89418732.08,83,
03/04/2021,896203136089.75,896203136089.75,231112509.85,83,
03/05/2021,885372333010.13,885372333010.13,102668654.99,83,
03/06/2021,941885423130,941885423130,115112062.08,83,
03/07/2021,952990173236.5,952990173236.5,125819582.51,83,
03/08/2021,1006802735398.44,1006802735398.44,104089932.6,83,
03/12/2021,1112769717341.5,1112769717341.5,119373734.65,83,
04/01/2021,1110723611175.75,1110723611175.75,132521773.63,83,
04/02/2021,1099203053465,1099203053465,156699688.07,83,
04/03/2021,1081485436933.38,1081485436933.38,93258306.15,83,
04/04/2021,1103060071167.75,1103060071167.75,83502136.64,83,
04/05/2021,1080335867437.56,1080335867437.56,147984829.29,83,
04/06/2021,1053779331495.63,1053779331495.63,195409355.23,83,
04/07/2021,1078715781887.81,1078715781887.81,145168283.7,83,
04/08/2021,1087512834507,1087512834507,123171092.32,83,
04/09/2021,1125821983046.25,1125821983046.25,196715714.89,83,
04/12/2021,1185733991483.13,1185733991483.13,148771767.86,83,
05/01/2021,1058554444834.69,1058554444834.69,99028302.04,160,
05/02/2021,1077622933233,1077622933233,180753284.22,161,
05/03/2021,1009854670980.19,1009854670980.19,305245832.8,163,
05/04/2021,1078448457598.25,1078448457598.25,252274434.44,163,
05/05/2021,1069096952252.81,1069096952252.81,237177180.71,163,
05/06/2021,1076076793396.31,1076076793396.31,307656056.5,166,
05/07/2021,1081218949608,1081218949608,184077273.92,168,
05/08/2021,1074471511035.13,1074471511035.13,264904517.71,174,
05/09/2021,1096333625221.5,1096333625221.5,229576976.93,181,
05/10/2021,1049527425335.5,1049527425335.5,334702367.52,185,
05/11/2021,1039819984065.94,1039819984065.94,405520033.68,202,
05/12/2021,928894334714.06,928894334714.06,884116829.19,206,
06/01/2021,713074494742,713074494742,116981283.32,280,
06/02/2021,721710040651.44,721710040651.44,77823346.71,289,
06/03/2021,692858070710.25,692858070710.25,73963231.87,289,
06/04/2021,679491882627.25,679491882627.25,71160480.11,289,
06/05/2021,677627771008.13,677627771008.13,77836156.34,289,
06/06/2021,674903277228.13,674903277228.13,62525838.3,289,
06/07/2021,595043709367.5,595043709367.5,181598687.71,293,
06/08/2021,682168758369.75,682168758369.75,152902965.48,299,
06/09/2021,691337307385.5,691337307385.5,55594864.29,299,
06/10/2021,689665932774,689665932774,52855416.44,299,
06/11/2021,664141053171.75,664141053171.75,56232928.94,299,
06/12/2021,675547056746,675547056746,17534772.68,299,
07/01/2021,630511338809.06,630511338809.06,59574858.62,344,
07/02/2021,649622702124.38,649622702124.38,52953475.61,348,
07/03/2021,666039320910.81,666039320910.81,27272282.75,349,
07/04/2021,630949402397.38,630949402397.38,45198822.75,349,
07/05/2021,638646816599.75,638646816599.75,53008530,356,
07/06/2021,647214351177.19,647214351177.19,39998524.37,359,
07/07/2021,617274888398,617274888398,122357860,360,
07/08/2021,629584586078.25,629584586078.25,63760053.8,360,
07/09/2021,635342577691.5,635342577691.5,45408591.91,360,
07/10/2021,636771504817.69,636771504817.69,22517845.49,363,
07/11/2021,625182361970.81,625182361970.81,27305724.76,363,
07/12/2021,614702213363.25,614702213363.25,49604959.04,363,
08/01/2021,745077970234,745077970234,158422268.28,3803,
08/02/2021,716673345660,716673345660,134364581.87,4238,
08/03/2021,738012563597.13,738012563597.13,73332410.28,4756,
08/04/2021,728135270282.75,728135270282.75,320543366.83,5162,
08/05/2021,796027440281.25,796027440281.25,146170659.85,5451,
08/06/2021,815004009487.94,815004009487.94,135907658.19,5717,
08/07/2021,826104196552.63,826104196552.63,153860840.06,5954,
08/08/2021,863846606369.69,863846606369.69,127211456.39,6087,
08/09/2021,848327542101,848327542101,127624182.15,6207,
08/10/2021,872547036778.38,872547036778.38,241401280.69,6361,
08/11/2021,830449390892.94,830449390892.94,129109974.42,6622,
08/12/2021,871837367063.44,871837367063.44,128011351.03,6748,
09/01/2021,932347241394,932347241394,143941289.91,8121,
09/02/2021,951372887912.88,951372887912.88,121842383.84,8183,
09/03/2021,938219280439,938219280439,61588649.63,8226,
09/04/2021,944764784317.69,944764784317.69,36876935.21,8260,
09/05/2021,971218162964.5,971218162964.5,135670596.92,8291,
09/06/2021,878895464011.88,878895464011.88,206873529.85,8328,
09/07/2021,866695812130,866695812130,377460595.92,8358,
09/08/2021,883785073077,883785073077,120949143.27,8406,
09/09/2021,854410759418.25,854410759418.25,71305664.08,8443,
09/10/2021,857576817338.75,857576817338.75,50874329.16,8458,
09/11/2021,864356957398,864356957398,57016495.94,8466,
09/12/2021,834010433630.5,834010433630.5,89287841.81,8483,
10/01/2021,901588770066,901588770066,115363368.89,8996,
10/02/2021,901949824582.5,901949824582.5,163114845.42,9009,
10/03/2021,899308248222.63,899308248222.63,108916388.45,9019,
10/04/2021,938613800902.5,938613800902.5,133091660.68,9047,
10/05/2021,1037400705832.25,1037400705832.25,102004505.31,9072,
10/06/2021,1014573991915.25,1014573991915.25,63142464.31,9083,
10/07/2021,1022623583684.25,1022623583684.25,72762123.11,9111,
10/08/2021,1035100654099.56,1035100654099.56,49001503.15,9127,
10/09/2021,1043676842400,1043676842400,43697893.87,9142,
10/10/2021,1084024267817.56,1084024267817.56,80973662.17,9159,
10/11/2021,1059728086471.31,1059728086471.31,56633899.78,9178,
10/12/2021,1058626095633.75,1058626095633.75,89840550.64,9190,
11/01/2021,1210611268861.13,1210611268861.13,117394819.1,9659,
11/02/2021,1173845790471.38,1173845790471.38,111322876.75,9683,
11/03/2021,1151047317129,1151047317129,142380857.92,9694,
11/04/2021,1151724230225,1151724230225,123687263.34,9717,
11/05/2021,1145346427365,1145346427365,84562783.28,9753,
11/06/2021,1172256936062.5,1172256936062.5,86391079.66,9781,
11/07/2021,1252917280187.5,1252917280187.5,160005603.2,9797,
11/08/2021,1262843561906.25,1262843561906.25,213384538.35,9811,
11/09/2021,1291021982940,1291021982940,170592527.11,9824,
11/10/2021,1227100713375,1227100713375,147109877.4,9836,
11/11/2021,1200229178731.25,1200229178731.25,123165364.1,9860,
11/12/2021,1223991032550,1223991032550,80152736.94,9864,
12/01/2021,1066022425800,1066022425800,88333761.96,10150,
12/02/2021,1057758005597.5,1057758005597.5,104528726.27,10172,
12/03/2021,912065023750,912065023750,253071267.29,10179,
12/04/2021,907836206776.88,907836206776.88,163794997.62,10185,
12/05/2021,920585799675,920585799675,212603636.94,10195,
12/06/2021,979755175968.75,979755175968.75,170327302.6,10243,
12/07/2021,958104436025,958104436025,119975690.56,10260,
12/08/2021,914952793500,914952793500,117346895.34,10287,
12/09/2021,906592270468.75,906592270468.75,116146160.54,10296,
12/10/2021,922053052379.38,922053052379.38,121528773.63,10305,
12/11/2021,938041427629.38,938041427629.38,66456914.48,10314,
12/12/2021,890689500046.25,890689500046.25,137566859.7,10337,
01/01/2022,895843447895,895843447895,137755640.37,10673,
01/02/2022,882759224018.13,882759224018.13,108662320.92,10673,
01/03/2022,890501462456.25,890501462456.25,89340837.52,10681,
01/04/2022,881366085362.5,881366085362.5,105128860.79,10697,
01/05/2022,814763826875,814763826875,156056575.17,10728,
01/06/2022,778075305475,778075305475,163171376.16,10739,
01/07/2022,789560723925,789560723925,105080577.92,10744,
01/08/2022,789143049375,789143049375,81479524.92,10748,
01/09/2022,773983393187.5,773983393187.5,93683835.83,10766,
01/10/2022,788459503375,788459503375,104208048.12,10819,
01/11/2022,823608948937.5,823608948937.5,183026807.99,10826,
01/12/2022,813528663500,813528663500,127994519.45,10842,
02/01/2022,708438087521.88,708438087521.88,85263128.33,11123,
02/02/2022,700994889825,700994889825,153524455.69,11148,
02/03/2022,749802779437.5,749802779437.5,71780253.72,11168,
02/04/2022,792809703975,792809703975,58974265.77,11170,
02/05/2022,788015262881.25,788015262881.25,86988824.47,11175,
02/06/2022,831506690350,831506690350,82923337.59,11191,
02/07/2022,825578962250,825578962250,133275728.48,11203,
02/08/2022,831836097365,831836097365,81509771.1,11241,
02/09/2022,856378780837.5,856378780837.5,159302340.47,11278,
02/10/2022,817127861825,817127861825,76565407.04,11314,
02/11/2022,799354509775,799354509775,60740901.54,11324,
02/12/2022,808934970900,808934970900,41207755,11337,
03/01/2022,838568842425,838568842425,90897159.77,11678,
03/02/2022,807283414300,807283414300,64238758.54,11699,
03/03/2022,773792967350,773792967350,62466631.01,11714,
03/04/2022,744413128875,744413128875,39279982.29,11731,
03/05/2022,738543244250,738543244250,32776700.67,11740,
03/06/2022,741235761000,741235761000,69735859.05,11748,
03/07/2022,732805149137.5,732805149137.5,80984730.45,11776,
03/08/2022,805433601131.25,805433601131.25,35054713.01,11809,
03/09/2022,744660682500,744660682500,95370442.58,11824,
03/10/2022,742248011225,742248011225,71962379.68,11827,
03/11/2022,742740470062.5,742740470062.5,34446607.3,11843,
03/12/2022,740045653437.5,740045653437.5,38588845.32,11861,
04/01/2022,879184860025,879184860025,73506783.73,12204,
04/02/2022,882056302875,882056302875,29424167.28,12219,
04/03/2022,868268227075,868268227075,58590899.52,12607,
04/04/2022,869932926063.75,869932926063.75,44926009.74,13047,
04/05/2022,839428212875,839428212875,111403871.21,13326,
04/06/2022,824091794368.75,824091794368.75,67253604.35,14249,
04/07/2022,829904358468.75,829904358468.75,69129607.41,14678,
04/08/2022,803923772900,803923772900,72446669.77,14972,
04/09/2022,813143766737.5,813143766737.5,44532122.94,15184,
04/10/2022,774726728400,774726728400,110591178.88,15425,
04/11/2022,767293566475,767293566475,115368522.13,15561,
04/12/2022,784247375775,784247375775,79812670.55,15720,
05/01/2022,735954001200,735954001200,66476072.44,17387,
05/02/2022,729727591862.5,729727591862.5,51444888.17,17478,
07/02/2022,363915680488.88,363915680488.88,13682141.02,19752,
05/03/2022,742762854375,742762854375,49898187.51,17544,
07/03/2022,378287799491.88,378287799491.88,36819129.71,19760,
08/03/2022,437401523125,437401523125,63733671.17,20818,
05/04/2022,700283533950,700283533950,54462391.86,17604,
07/04/2022,372507764532.19,372507764532.19,41612838.17,19774,
08/04/2022,440442996525,440442996525,78165035.28,20846,
09/04/2022,379965013120,379965013120,34810884.29,21825,
05/05/2022,686308344000,686308344000,67685747.67,17676,
07/05/2022,384422832956.25,384422832956.25,25682803.7,19827,
08/05/2022,443867485062.5,443867485062.5,46883683.12,20867,
09/05/2022,379498129835,379498129835,125137007.87,21875,
05/06/2022,685372800375,685372800375,40156250.62,17721,
07/06/2022,398624133150,398624133150,36681834.98,19871,
08/06/2022,440129000520,440129000520,133598548.29,20871,
09/06/2022,361821058284.38,361821058284.38,139800969.44,21925,
10/06/2022,375330080250,375330080250,32082568.49,23825,
05/07/2022,654462476981.25,654462476981.25,89843108.53,17754,
07/07/2022,419165057718.75,419165057718.75,28766046.56,19894,
08/07/2022,458735086496.25,458735086496.25,85034873.68,20896,
09/07/2022,368766164478.25,368766164478.25,127431791.34,21993,
10/07/2022,373725598125,373725598125,18791316.28,24030,
11/07/2022,374206842181.25,374206842181.25,131902364.25,27781,
05/08/2022,615417937731.25,615417937731.25,145353955.08,17774,
07/08/2022,412729890431.25,412729890431.25,29440680.86,19942,
08/08/2022,441468015012.5,441468015012.5,61128189.38,20923,
09/08/2022,408207601800,408207601800,86875300.68,22056,
10/08/2022,374727546195,374727546195,17143497.55,24361,
11/08/2022,328496645676.88,328496645676.88,247687455.8,27876,
05/09/2022,595622488462.5,595622488462.5,180276284.31,17794,
07/09/2022,399312066562.5,399312066562.5,36113004.2,19960,
08/09/2022,459230625506.25,459230625506.25,133251154.16,20932,
09/09/2022,406084083531.25,406084083531.25,26978303.51,22115,
10/09/2022,369541231250.63,369541231250.63,14512039.23,24435,
11/09/2022,336367014401.88,336367014401.88,222665657.72,27885,
12/09/2022,331057803401.88,331057803401.88,5071279.46,29186,
05/10/2022,592224755037.5,592224755037.5,155281088.63,17804,
07/10/2022,390280379450,390280379450,22236454.49,19992,
08/10/2022,465851438538.75,465851438538.75,97451312.31,20978,
09/10/2022,414990946681.25,414990946681.25,33529652.41,22157,
10/10/2022,367188630125,367188630125,20630837.85,24453,
11/10/2022,323753091172.5,323753091172.5,81413514.49,27898,
12/10/2022,329976707620.63,329976707620.63,4195105.39,29210,
05/11/2022,554006891250,554006891250,322983036.91,17910,
07/11/2022,379514203435.5,379514203435.5,25341083.59,20017,
08/11/2022,458776301687.5,458776301687.5,95230720.26,21000,
09/11/2022,423702359302.5,423702359302.5,106783272.02,22179,
10/11/2022,366760326040.31,366760326040.31,16365668.76,24474,
11/11/2022,324538043746.88,324538043746.88,112843846.31,28001,
12/11/2022,327219461100,327219461100,10285608.74,29222,
05/12/2022,579812183300,579812183300,115805052.27,17943,
06/01/2022,576910047775,576910047775,67993846.31,18745,
06/02/2022,562701575312.5,562701575312.5,47827244.34,18773,
06/03/2022,568862988225,568862988225,19404938.52,18795,
06/04/2022,570839393156.88,570839393156.88,19423716.41,18816,
06/05/2022,600175419843.75,600175419843.75,56090038.56,18875,
06/06/2022,569539505250,569539505250,82526561.92,18901,
06/07/2022,581274722125,581274722125,87118048.14,18933,
06/08/2022,577568122925,577568122925,32366536.76,18978,
06/09/2022,561163488600,561163488600,72903734.34,19007,
06/10/2022,540950886658.13,540950886658.13,184582268.25,19049,
06/11/2022,534993578390,534993578390,104502026.78,19062,
06/12/2022,443117063497.5,443117063497.5,190123043.24,19081,
07/01/2022,366928164934.19,366928164934.19,20463994.31,19743,
07/12/2022,372406798487.19,372406798487.19,52647886.29,20045,
08/01/2022,439732748812.5,439732748812.5,167102466.81,20732,
08/02/2022,446346747000,446346747000,75144475.56,20760,
08/12/2022,469238184456.25,469238184456.25,162607365.39,21026,
09/01/2022,389707788960,389707788960,62871178.64,21766,
09/02/2022,378398851485,378398851485,51703720.37,21782,
09/03/2022,378662149046.88,378662149046.88,28371002.42,21811,
09/12/2022,399044665951.25,399044665951.25,106342785.88,22200,
10/01/2022,366914117876.25,366914117876.25,36107656.73,22991,
10/02/2022,370663600240,370663600240,25966722.54,23211,
10/03/2022,385367416170,385367416170,46447739.33,23263,
10/04/2022,383379703699.38,383379703699.38,26727621.9,23492,
10/05/2022,383775749160,383775749160,33741380.97,23628,
10/12/2022,351796818961.88,351796818961.88,80776497,24568,
11/01/2022,391843313604.38,391843313604.38,40487665.2,26427,
11/02/2022,388739439249.38,388739439249.38,115049126.47,26461,
11/03/2022,400734503840,400734503840,36296554.35,26709,
11/04/2022,409034106656.25,409034106656.25,,27025,
11/05/2022,408032640000,408032640000,,27520,
11/06/2022,398770181271.88,398770181271.88,,27673,
11/12/2022,317979858606.25,317979858606.25,67319526.68,28026,
12/01/2022,325771486741.88,325771486741.88,9127090.55,28439,
12/02/2022,326151681680,326151681680,4491576.45,28593,
12/03/2022,327705644921.88,327705644921.88,7072547.25,28808,
12/04/2022,328584429501,328584429501,13897470.05,28838,
12/05/2022,326657855160,326657855160,21082147.2,28854,
12/06/2022,323937681595.63,323937681595.63,23022138.64,29011,
12/07/2022,325663223047.06,325663223047.06,10166204.52,29119,
12/08/2022,330408812947.5,330408812947.5,13706939.12,29152,
12/12/2022,341403948020,341403948020,31035230.24,29234,
01/01/2023,322096019600,322096019600,2008809.64,29510,
01/02/2023,321053200481.25,321053200481.25,13702971.91,29520,
01/03/2023,324399359375,324399359375,22498429.28,29548,
01/04/2023,324359638070.63,324359638070.63,18362510.95,29564,
01/05/2023,324326529675,324326529675,27478321.82,29569,
01/06/2023,326191213590,326191213590,7489219.19,29586,
01/07/2023,327698053998.75,327698053998.75,2424111.03,29600,
01/08/2023,332745356610,332745356610,33200370.67,29621,
01/09/2023,333786107430,333786107430,32109218.35,29637,
01/10/2023,333795627646.25,333795627646.25,10298275.56,29650,
01/11/2023,348624125914.38,348624125914.38,33451496.24,29656,
01/12/2023,370854857454.75,370854857454.75,14944276.68,29669,
